sym,side,entry,ep,sl,tp1,tp2,score,sess,kz,rsi,exit,outcome,pnl,tp1_hit
BTCUSDT,SHORT,2023-04-23 15:00:00+00:00,27554.3,27871.0,27174.26,26572.53,11,US,True,47.2,2023-04-24 00:00:00+00:00,LOSS,-10.0,False
BTCUSDT,SHORT,2023-04-24 08:00:00+00:00,27454.8,27999.7,26800.92,25765.61,9,ASIA,True,41.2,2023-04-25 20:00:00+00:00,LOSS,-10.0,False
BTCUSDT,LONG,2023-04-27 15:00:00+00:00,28975.8,28629.1865,29391.7362,30050.302,9,US,True,52.3,2023-05-01 01:00:00+00:00,LOSS,1.0,True
BTCUSDT,SHORT,2023-05-09 14:00:00+00:00,27621.9,27817.0,27387.78,27017.09,9,EUROPE,True,44.2,2023-05-10 01:00:00+00:00,LOSS,1.0,True
BTCUSDT,SHORT,2023-05-16 19:00:00+00:00,27055.5,27285.5,26779.5,26342.5,8,US,False,45.0,2023-05-17 19:00:00+00:00,LOSS,1.0,True
BTCUSDT,SHORT,2023-05-19 08:00:00+00:00,26858.1,27197.1,26451.3,25807.2,9,ASIA,True,44.8,2023-05-19 15:00:00+00:00,LOSS,-10.0,False
BTCUSDT,SHORT,2023-05-20 07:00:00+00:00,26856.5,26980.0,26708.3,26473.65,8,ASIA,False,47.4,2023-05-20 15:00:00+00:00,LOSS,-10.0,False
BTCUSDT,SHORT,2023-06-11 08:00:00+00:00,25741.1,26081.1,25333.1,24687.1,9,ASIA,True,45.3,2023-06-11 17:00:00+00:00,LOSS,-10.0,False
BTCUSDT,SHORT,2023-06-12 16:00:00+00:00,25823.9,26104.6,25487.06,24953.73,9,US,True,46.6,2023-06-13 02:00:00+00:00,LOSS,-10.0,False
BTCUSDT,SHORT,2023-06-14 06:00:00+00:00,25845.1,26083.6,25558.9,25105.75,12,ASIA,False,42.5,2023-06-14 12:00:00+00:00,LOSS,-10.0,False
BTCUSDT,SHORT,2023-06-14 20:00:00+00:00,25874.0,26098.3,25604.84,25178.67,8,US,False,43.0,2023-06-14 22:00:00+00:00,WIN,21.5,True
BTCUSDT,LONG,2023-06-19 17:00:00+00:00,26504.3,26310.0,26737.46,27106.63,8,US,False,53.8,2023-06-20 01:00:00+00:00,WIN,21.5,True
BTCUSDT,LONG,2023-06-23 03:00:00+00:00,29986.1,29751.9935,30267.0278,30711.8302,8,ASIA,False,51.7,2023-06-23 15:00:00+00:00,WIN,21.5,True
BTCUSDT,LONG,2023-06-24 09:00:00+00:00,30603.3,30253.2,31023.42,31688.61,9,ASIA,True,52.0,2023-06-24 16:00:00+00:00,LOSS,-10.0,False
BTCUSDT,LONG,2023-06-27 05:00:00+00:00,30353.6,30040.2,30729.68,31325.14,8,ASIA,False,50.6,2023-06-28 12:00:00+00:00,LOSS,1.0,True
BTCUSDT,LONG,2023-07-01 13:00:00+00:00,30568.7,30325.2,30860.9,31323.55,8,EUROPE,False,56.8,2023-07-02 15:00:00+00:00,LOSS,-10.0,False
BTCUSDT,LONG,2023-07-02 20:00:00+00:00,30559.8,30162.7,31036.32,31790.81,8,US,False,52.8,2023-07-06 14:00:00+00:00,LOSS,1.0,True
BTCUSDT,SHORT,2023-07-08 05:00:00+00:00,30234.3,30383.3,30055.5,29772.4,8,ASIA,False,47.1,2023-07-09 01:00:00+00:00,LOSS,1.0,True
BTCUSDT,LONG,2023-07-11 14:00:00+00:00,30449.0,30291.4,30638.12,30937.56,9,EUROPE,True,51.7,2023-07-12 12:00:00+00:00,WIN,21.5,True
BTCUSDT,SHORT,2023-07-15 14:00:00+00:00,30328.0,30444.5964,30188.0843,29966.5511,9,EUROPE,True,38.7,2023-07-17 10:00:00+00:00,WIN,21.5,True
BTCUSDT,SHORT,2023-07-17 16:00:00+00:00,30175.2,30325.5,29994.84,29709.27,9,US,True,41.6,2023-07-17 18:00:00+00:00,WIN,21.5,True
BTCUSDT,SHORT,2023-07-19 15:00:00+00:00,29823.2,30187.7,29385.8,28693.25,9,US,True,41.5,2023-07-20 06:00:00+00:00,LOSS,-10.0,False
BTCUSDT,SHORT,2023-07-21 08:00:00+00:00,29766.0,29951.2,29543.76,29191.88,9,ASIA,True,41.8,2023-07-21 18:00:00+00:00,LOSS,-10.0,False
BTCUSDT,SHORT,2023-07-22 13:00:00+00:00,29843.7,29987.8,29670.78,29396.99,8,EUROPE,False,44.4,2023-07-23 17:00:00+00:00,LOSS,1.0,True
BTCUSDT,SHORT,2023-07-28 06:00:00+00:00,29183.4,29539.6,28755.96,28079.18,8,ASIA,False,40.5,2023-07-28 15:00:00+00:00,LOSS,-10.0,False
BTCUSDT,SHORT,2023-07-29 11:00:00+00:00,29279.3,29407.7,29125.22,28881.26,8,EUROPE,False,45.2,2023-07-30 14:00:00+00:00,LOSS,-10.0,False
BTCUSDT,SHORT,2023-07-30 20:00:00+00:00,29200.1,29530.0,28804.22,28177.41,8,US,False,36.5,2023-07-31 00:00:00+00:00,LOSS,-10.0,False
BTCUSDT,SHORT,2023-07-31 16:00:00+00:00,29246.9,29476.8,28971.02,28534.21,9,US,True,40.5,2023-08-01 23:00:00+00:00,LOSS,1.0,True
BTCUSDT,SHORT,2023-08-03 07:00:00+00:00,29086.4,29430.4,28673.6,28020.0,8,ASIA,False,39.3,2023-08-03 15:00:00+00:00,LOSS,-10.0,False
BTCUSDT,SHORT,2023-08-04 02:00:00+00:00,29198.7,29430.4,28920.66,28480.43,8,LATE,False,47.6,2023-08-08 11:00:00+00:00,LOSS,1.0,True
BTCUSDT,SHORT,2023-08-16 14:00:00+00:00,29085.2,29255.1,28881.32,28558.51,9,EUROPE,True,33.1,2023-08-17 00:00:00+00:00,WIN,21.5,True
BTCUSDT,SHORT,2023-08-20 06:00:00+00:00,26090.2,26215.5,25939.84,25701.77,8,ASIA,False,48.1,2023-08-20 13:00:00+00:00,LOSS,-10.0,False
BTCUSDT,SHORT,2023-08-21 16:00:00+00:00,25941.7,26260.0,25559.74,24954.97,9,US,True,40.6,2023-08-21 21:00:00+00:00,LOSS,-10.0,False
BTCUSDT,SHORT,2023-08-22 05:00:00+00:00,26015.9,26260.0,25722.98,25259.19,8,ASIA,False,44.4,2023-08-23 16:00:00+00:00,LOSS,1.0,True
BTCUSDT,SHORT,2023-08-26 08:00:00+00:00,26050.0,26134.309,25948.8293,25788.6422,9,ASIA,True,48.6,2023-08-27 14:00:00+00:00,LOSS,-10.0,False
BTCUSDT,SHORT,2023-09-02 08:00:00+00:00,25796.3,25986.0,25568.66,25208.23,9,ASIA,True,42.5,2023-09-02 15:00:00+00:00,LOSS,-10.0,False
BTCUSDT,SHORT,2023-09-03 17:00:00+00:00,25846.4,26138.0,25496.48,24942.44,8,US,False,44.4,2023-09-03 20:00:00+00:00,LOSS,-10.0,False
BTCUSDT,SHORT,2023-09-06 06:00:00+00:00,25748.3,25864.7,25608.62,25387.46,8,ASIA,False,47.2,2023-09-06 17:00:00+00:00,LOSS,1.0,True
BTCUSDT,SHORT,2023-09-07 12:00:00+00:00,25709.9,26450.9,24820.7,23412.8,8,EUROPE,False,45.8,2023-09-07 21:00:00+00:00,LOSS,-10.0,False
BTCUSDT,SHORT,2023-09-09 09:00:00+00:00,25872.8,25946.6,25784.24,25644.02,9,ASIA,True,46.1,2023-09-09 16:00:00+00:00,LOSS,-10.0,False
BTCUSDT,SHORT,2023-09-10 01:00:00+00:00,25873.7,25946.6,25786.22,25647.71,8,LATE,False,47.7,2023-09-10 19:00:00+00:00,WIN,21.5,True
BTCUSDT,LONG,2023-09-16 13:00:00+00:00,26555.0,26451.1,26679.68,26877.09,8,EUROPE,False,52.5,2023-09-17 00:00:00+00:00,LOSS,-10.0,False
BTCUSDT,LONG,2023-09-17 09:00:00+00:00,26550.0,26419.9,26706.12,26953.31,9,ASIA,True,52.3,2023-09-17 21:00:00+00:00,LOSS,-10.0,False
BTCUSDT,LONG,2023-09-18 03:00:00+00:00,26666.6,26377.0,27014.12,27564.36,10,ASIA,False,63.2,2023-09-21 13:00:00+00:00,LOSS,1.0,True
BTCUSDT,LONG,2023-09-21 15:00:00+00:00,26579.1,26366.6,26834.1,27237.85,8,US,True,35.8,2023-09-24 19:00:00+00:00,LOSS,-10.0,False
BTCUSDT,SHORT,2023-09-25 19:00:00+00:00,26331.8,26446.0,26194.76,25977.78,8,US,False,54.3,2023-09-25 20:00:00+00:00,LOSS,-10.0,False
BTCUSDT,SHORT,2023-09-26 09:00:00+00:00,26270.9,26400.0,26115.98,25870.69,9,ASIA,True,46.9,2023-09-27 09:00:00+00:00,LOSS,1.0,True
BTCUSDT,LONG,2023-09-29 11:00:00+00:00,27031.5,26658.0,27479.7,28189.35,8,EUROPE,False,57.4,2023-09-29 14:00:00+00:00,LOSS,-10.0,False
BTCUSDT,LONG,2023-09-30 04:00:00+00:00,26914.7,26749.7,27112.7,27426.2,8,ASIA,False,51.0,2023-10-01 22:00:00+00:00,WIN,21.5,True
BTCUSDT,LONG,2023-10-06 15:00:00+00:00,27670.2,27173.6,28266.12,29209.66,9,US,True,53.7,2023-10-11 02:00:00+00:00,LOSS,1.0,True
BTCUSDT,SHORT,2023-10-12 08:00:00+00:00,26807.3,26945.0,26642.06,26380.43,9,ASIA,True,41.9,2023-10-13 13:00:00+00:00,LOSS,1.0,True
BTCUSDT,SHORT,2023-10-13 16:00:00+00:00,26704.4,27132.0,26191.28,25378.84,9,US,True,42.8,2023-10-13 21:00:00+00:00,LOSS,-10.0,False
BTCUSDT,SHORT,2023-10-14 22:00:00+00:00,26822.9,26958.0,26660.78,26404.09,8,US,False,43.3,2023-10-15 13:00:00+00:00,LOSS,-10.0,False
BTCUSDT,LONG,2023-10-22 23:00:00+00:00,30040.8,29720.1,30425.64,31034.97,8,LATE,False,58.4,2023-10-23 16:00:00+00:00,WIN,21.5,True
BTCUSDT,LONG,2023-10-29 02:00:00+00:00,34004.6,33877.507,34157.1116,34398.5883,8,LATE,False,45.0,2023-10-29 12:00:00+00:00,WIN,21.5,True
BTCUSDT,LONG,2023-10-31 12:00:00+00:00,34489.4,34025.5,35046.08,35927.49,8,EUROPE,False,55.2,2023-11-02 02:00:00+00:00,WIN,21.5,True
BTCUSDT,LONG,2023-11-06 10:00:00+00:00,35117.9,34731.3,35581.82,36316.36,9,EUROPE,True,57.1,2023-11-07 09:00:00+00:00,LOSS,-10.0,False
BTCUSDT,LONG,2023-11-08 11:00:00+00:00,35397.0,35083.6,35773.08,36368.54,8,EUROPE,False,59.1,2023-11-08 15:00:00+00:00,LOSS,-10.0,False
BTCUSDT,LONG,2023-11-10 10:00:00+00:00,36558.0,36250.1853,36927.3777,37512.2256,9,EUROPE,True,50.3,2023-11-10 22:00:00+00:00,WIN,21.5,True
BTCUSDT,LONG,2023-11-12 07:00:00+00:00,37142.2,36630.0,37756.84,38730.02,8,ASIA,False,54.9,2023-11-13 14:00:00+00:00,LOSS,-10.0,False
BTCUSDT,LONG,2023-11-19 07:00:00+00:00,36598.0,36382.2,36856.96,37266.98,8,ASIA,False,55.2,2023-11-19 11:00:00+00:00,LOSS,-10.0,False
BTCUSDT,LONG,2023-11-19 16:00:00+00:00,36574.2,36382.2,36804.6,37169.4,9,US,True,53.3,2023-11-19 23:00:00+00:00,WIN,21.5,True
BTCUSDT,LONG,2023-11-25 06:00:00+00:00,37812.7,37579.3,38092.78,38536.24,8,ASIA,False,56.3,2023-11-26 12:00:00+00:00,LOSS,-10.0,False
BTCUSDT,LONG,2023-11-27 08:00:00+00:00,37281.7,36710.0,37967.74,39053.97,8,ASIA,True,39.4,2023-11-27 16:00:00+00:00,LOSS,-10.0,False
BTCUSDT,LONG,2023-11-30 04:00:00+00:00,38052.4,37582.0,38616.88,39510.64,8,ASIA,False,57.4,2023-11-30 14:00:00+00:00,LOSS,-10.0,False
BTCUSDT,LONG,2023-12-02 10:00:00+00:00,38774.2,38630.5301,38946.6038,39219.5766,9,EUROPE,True,61.2,2023-12-02 19:00:00+00:00,WIN,21.5,True
BTCUSDT,LONG,2023-12-09 13:00:00+00:00,43900.3,43684.3727,44159.4128,44569.6748,8,EUROPE,False,49.0,2023-12-09 23:00:00+00:00,LOSS,-10.0,False
BTCUSDT,LONG,2023-12-10 21:00:00+00:00,43964.1,40200.0,48481.02,55632.81,8,US,False,55.6,2023-12-11 02:00:00+00:00,LOSS,-10.0,False
BTCUSDT,LONG,2023-12-15 08:00:00+00:00,42707.9,41652.5,43974.38,45979.64,9,ASIA,True,49.0,2023-12-15 15:00:00+00:00,LOSS,-10.0,False
BTCUSDT,LONG,2023-12-23 00:00:00+00:00,43970.7,43288.0,44789.94,46087.07,8,LATE,False,56.5,2023-12-23 04:00:00+00:00,LOSS,-10.0,False
BTCUSDT,LONG,2023-12-23 22:00:00+00:00,43778.0,43414.0,44214.8,44906.4,8,US,False,53.9,2023-12-24 06:00:00+00:00,LOSS,-10.0,False
BTCUSDT,SHORT,2023-12-31 04:00:00+00:00,42174.1,42888.0,41317.42,39961.01,8,ASIA,False,49.3,2023-12-31 09:00:00+00:00,LOSS,-10.0,False
BTCUSDT,LONG,2024-01-05 13:00:00+00:00,43881.9,43082.6,44841.06,46359.73,8,EUROPE,False,52.7,2024-01-05 17:00:00+00:00,LOSS,-10.0,False
BTCUSDT,LONG,2024-01-05 22:00:00+00:00,43946.4,43082.6,44982.96,46624.18,8,US,False,54.8,2024-01-08 18:00:00+00:00,WIN,21.5,True
BTCUSDT,SHORT,2024-01-14 09:00:00+00:00,42995.0,43249.0062,42690.1925,42207.5807,9,ASIA,True,49.3,2024-01-14 20:00:00+00:00,WIN,21.5,True
BTCUSDT,SHORT,2024-01-17 12:00:00+00:00,42682.0,43200.0,42060.4,41076.2,8,EUROPE,False,43.6,2024-01-18 19:00:00+00:00,WIN,21.5,True
BTCUSDT,SHORT,2024-01-25 16:00:00+00:00,39801.1,40306.0,39195.22,38235.91,9,US,True,45.4,2024-01-26 09:00:00+00:00,LOSS,-10.0,False
BTCUSDT,LONG,2024-01-29 16:00:00+00:00,42641.5,41799.5,43651.9,45251.7,9,US,True,63.1,2024-02-08 15:00:00+00:00,WIN,21.5,True
BTCUSDT,LONG,2024-02-10 11:00:00+00:00,46886.3,46599.6575,47230.271,47774.8917,8,EUROPE,False,47.5,2024-02-10 20:00:00+00:00,WIN,21.5,True
BTCUSDT,LONG,2024-02-12 15:00:00+00:00,48799.9,47705.7,50112.94,52191.92,9,US,True,66.5,2024-02-15 00:00:00+00:00,WIN,21.5,True
BTCUSDT,LONG,2024-02-16 09:00:00+00:00,51841.2,51313.4,52474.56,53477.38,9,ASIA,True,48.9,2024-02-17 13:00:00+00:00,LOSS,1.0,True
BTCUSDT,LONG,2024-02-18 09:00:00+00:00,51787.8,51154.0,52548.36,53752.58,9,ASIA,True,55.5,2024-02-20 17:00:00+00:00,LOSS,1.0,True
BTCUSDT,LONG,2024-02-20 23:00:00+00:00,52172.4,50752.3,53876.52,56574.71,8,LATE,False,54.6,2024-02-21 12:00:00+00:00,LOSS,-10.0,False
BTCUSDT,LONG,2024-03-01 08:00:00+00:00,61442.0,60584.3,62471.24,64100.87,9,ASIA,True,49.9,2024-03-04 00:00:00+00:00,WIN,21.5,True
BTCUSDT,LONG,2024-03-07 01:00:00+00:00,66195.7,65161.9796,67436.1645,69400.2332,8,LATE,False,50.8,2024-03-08 15:00:00+00:00,WIN,21.5,True
BTCUSDT,LONG,2024-03-09 10:00:00+00:00,68309.2,67809.5091,68908.8291,69858.2417,9,EUROPE,True,55.8,2024-03-10 09:00:00+00:00,WIN,21.5,True
BTCUSDT,LONG,2024-03-30 11:00:00+00:00,70035.8,69645.8,70503.8,71244.8,8,EUROPE,False,52.3,2024-03-30 19:00:00+00:00,LOSS,-10.0,False
BTCUSDT,LONG,2024-03-31 05:00:00+00:00,70114.8,69542.7,70801.32,71888.31,8,ASIA,False,55.3,2024-04-01 05:00:00+00:00,LOSS,1.0,True
BTCUSDT,LONG,2024-04-06 00:00:00+00:00,67833.5,66522.8,69406.34,71896.67,8,LATE,False,54.7,2024-04-08 08:00:00+00:00,WIN,21.5,True
BTCUSDT,LONG,2024-04-09 02:00:00+00:00,71276.0,69566.9,73326.92,76574.21,8,LATE,False,52.6,2024-04-09 08:00:00+00:00,LOSS,-10.0,False
BTCUSDT,SHORT,2024-04-26 11:00:00+00:00,64100.9,64814.8,63244.22,61887.81,10,EUROPE,False,43.5,2024-04-26 14:00:00+00:00,LOSS,-10.0,False
BTCUSDT,LONG,2024-05-05 04:00:00+00:00,63238.5,62752.375,63821.85,64745.4875,8,ASIA,False,50.6,2024-05-06 08:00:00+00:00,WIN,21.5,True
BTCUSDT,LONG,2024-05-07 15:00:00+00:00,64036.0,62077.7,66385.96,70106.73,11,US,True,54.1,2024-05-08 00:00:00+00:00,LOSS,-10.0,False
BTCUSDT,LONG,2024-05-18 07:00:00+00:00,66911.3,66571.4752,67319.0898,67964.7569,8,ASIA,False,57.8,2024-05-19 16:00:00+00:00,LOSS,1.0,True
BTCUSDT,LONG,2024-05-20 08:00:00+00:00,66832.7,66000.0,67831.94,69414.07,11,ASIA,True,52.0,2024-05-20 19:00:00+00:00,WIN,21.5,True
BTCUSDT,LONG,2024-05-21 16:00:00+00:00,69821.5,69161.0,70614.1,71869.05,9,US,True,47.6,2024-05-21 19:00:00+00:00,LOSS,-10.0,False
BTCUSDT,LONG,2024-05-21 21:00:00+00:00,69728.4,69161.0,70409.28,71487.34,9,US,False,47.7,2024-05-22 21:00:00+00:00,LOSS,1.0,True
BTCUSDT,LONG,2024-05-23 12:00:00+00:00,69977.2,66256.3,74442.28,81511.99,8,EUROPE,False,57.1,2024-05-23 20:00:00+00:00,LOSS,-10.0,False
BTCUSDT,LONG,2024-05-26 02:00:00+00:00,69162.5,68809.9,69585.62,70255.56,8,LATE,False,57.4,2024-05-26 15:00:00+00:00,LOSS,-10.0,False
BTCUSDT,SHORT,2024-05-31 14:00:00+00:00,68075.5,69049.6,66906.58,65055.79,9,EUROPE,True,45.1,2024-06-03 06:00:00+00:00,LOSS,1.0,True
BTCUSDT,LONG,2024-06-06 08:00:00+00:00,71020.3,70674.797,71434.9036,72091.3593,9,ASIA,True,52.0,2024-06-06 19:00:00+00:00,LOSS,1.0,True
BTCUSDT,LONG,2024-06-07 05:00:00+00:00,71216.2,70120.0,72531.64,74614.42,8,ASIA,False,56.9,2024-06-07 17:00:00+00:00,LOSS,-10.0,False
BTCUSDT,SHORT,2024-06-14 08:00:00+00:00,66908.9,67366.3,66360.02,65490.96,9,ASIA,True,45.5,2024-06-14 13:00:00+00:00,LOSS,-10.0,False
BTCUSDT,SHORT,2024-06-15 08:00:00+00:00,66074.9,66633.3,65404.82,64343.86,9,ASIA,True,43.4,2024-06-16 10:00:00+00:00,LOSS,-10.0,False
BTCUSDT,SHORT,2024-06-19 12:00:00+00:00,65208.1,65727.2,64585.18,63598.89,8,EUROPE,False,47.7,2024-06-20 07:00:00+00:00,LOSS,-10.0,False
BTCUSDT,SHORT,2024-06-22 12:00:00+00:00,64275.0,64543.9,63952.32,63441.41,8,EUROPE,False,48.9,2024-06-23 23:00:00+00:00,WIN,21.5,True
BTCUSDT,SHORT,2024-06-26 16:00:00+00:00,61480.0,61983.9,60875.32,59917.91,9,US,True,47.8,2024-06-27 13:00:00+00:00,LOSS,1.0,True
BTCUSDT,SHORT,2024-06-28 06:00:00+00:00,61604.0,62233.9,60848.12,59651.31,9,ASIA,False,51.1,2024-06-30 20:00:00+00:00,LOSS,1.0,True
BTCUSDT,SHORT,2024-07-05 18:00:00+00:00,56461.1,57285.9824,55471.2411,53903.9646,8,US,False,51.1,2024-07-06 13:00:00+00:00,LOSS,-10.0,False
BTCUSDT,SHORT,2024-07-08 21:00:00+00:00,56260.2,57764.2,54455.4,51597.8,8,US,False,47.4,2024-07-09 06:00:00+00:00,LOSS,-10.0,False
BTCUSDT,LONG,2024-07-18 06:00:00+00:00,64754.6,63400.0,66380.12,68953.86,10,ASIA,False,52.2,2024-07-18 15:00:00+00:00,LOSS,-10.0,False
BTCUSDT,SHORT,2024-08-02 10:00:00+00:00,64510.6,65598.9,63204.64,61136.87,9,EUROPE,True,50.2,2024-08-03 00:00:00+00:00,WIN,21.5,True
BTCUSDT,SHORT,2024-08-13 04:00:00+00:00,59048.0,59931.7,57987.56,56308.53,8,ASIA,False,47.3,2024-08-13 16:00:00+00:00,LOSS,-10.0,False
BTCUSDT,SHORT,2024-08-16 11:00:00+00:00,58442.1,59821.0,56787.42,54167.51,8,EUROPE,False,51.2,2024-08-16 19:00:00+00:00,LOSS,-10.0,False
BTCUSDT,LONG,2024-08-17 17:00:00+00:00,59616.1,59046.7,60299.38,61381.24,8,US,False,61.9,2024-08-18 23:00:00+00:00,LOSS,-10.0,False
BTCUSDT,LONG,2024-08-22 11:00:00+00:00,61351.3,59667.6,63371.74,66570.77,8,EUROPE,False,62.6,2024-08-27 22:00:00+00:00,LOSS,1.0,True
BTCUSDT,SHORT,2024-08-31 06:00:00+00:00,59212.1,59593.6075,58754.291,58029.4268,8,ASIA,False,50.2,2024-09-01 05:00:00+00:00,WIN,21.5,True
BTCUSDT,SHORT,2024-09-08 13:00:00+00:00,54200.1,55320.1,52856.1,50728.1,8,EUROPE,False,44.8,2024-09-08 22:00:00+00:00,LOSS,-10.0,False
BTCUSDT,LONG,2024-09-13 06:00:00+00:00,57943.1,57580.9482,58377.6822,59065.7706,8,ASIA,False,51.0,2024-09-13 15:00:00+00:00,WIN,21.5,True
BTCUSDT,LONG,2024-09-14 13:00:00+00:00,59796.6,59355.9,60325.44,61162.77,8,EUROPE,False,53.8,2024-09-14 18:00:00+00:00,LOSS,-10.0,False
BTCUSDT,LONG,2024-09-18 22:00:00+00:00,60201.4,59179.7,61427.44,63368.67,8,US,False,53.7,2024-09-19 14:00:00+00:00,WIN,21.5,True
BTCUSDT,LONG,2024-09-21 08:00:00+00:00,63082.5,62750.6,63480.78,64111.39,9,ASIA,True,52.6,2024-09-22 09:00:00+00:00,LOSS,1.0,True
BTCUSDT,LONG,2024-09-23 19:00:00+00:00,63429.3,62702.3,64301.7,65683.0,8,US,False,50.7,2024-09-24 02:00:00+00:00,LOSS,-10.0,False
BTCUSDT,LONG,2024-09-29 02:00:00+00:00,65869.2,65420.0,66408.24,67261.72,10,LATE,False,55.5,2024-09-30 00:00:00+00:00,LOSS,-10.0,False
BTCUSDT,LONG,2024-10-19 09:00:00+00:00,68409.3,68006.0,68893.26,69659.53,9,ASIA,True,55.0,2024-10-19 17:00:00+00:00,LOSS,-10.0,False
BTCUSDT,LONG,2024-10-20 07:00:00+00:00,68394.1,68100.0,68747.02,69305.81,8,ASIA,False,57.1,2024-10-20 22:00:00+00:00,WIN,21.5,True
BTCUSDT,SHORT,2024-11-04 14:00:00+00:00,68668.6,69499.0,67672.12,66094.36,11,EUROPE,True,47.7,2024-11-05 14:00:00+00:00,LOSS,1.0,True
BTCUSDT,LONG,2024-11-09 10:00:00+00:00,76553.9,75714.2,77561.54,79156.97,9,EUROPE,True,56.1,2024-11-09 17:00:00+00:00,LOSS,-10.0,False
BTCUSDT,LONG,2024-11-09 21:00:00+00:00,76303.1,75714.2,77009.78,78128.69,9,US,False,50.0,2024-11-10 04:00:00+00:00,WIN,21.5,True
BTCUSDT,LONG,2024-11-16 15:00:00+00:00,90967.4,90060.1,92056.16,93780.03,9,US,True,54.2,2024-11-17 01:00:00+00:00,LOSS,-10.0,False
BTCUSDT,LONG,2024-11-18 06:00:00+00:00,90609.2,88714.2,92883.2,96483.7,8,ASIA,False,53.1,2024-11-21 04:00:00+00:00,WIN,21.5,True
BTCUSDT,LONG,2024-11-25 04:00:00+00:00,97879.2,95750.1,100434.12,104479.41,8,ASIA,False,54.8,2024-11-25 14:00:00+00:00,LOSS,-10.0,False
BTCUSDT,LONG,2024-11-28 11:00:00+00:00,94952.4,94270.8247,95770.2903,97065.2833,8,EUROPE,False,47.6,2024-11-29 11:00:00+00:00,WIN,21.5,True
BTCUSDT,LONG,2024-12-07 10:00:00+00:00,99660.5,98846.2,100637.66,102184.83,9,EUROPE,True,51.1,2024-12-08 09:00:00+00:00,LOSS,-10.0,False
BTCUSDT,LONG,2024-12-14 20:00:00+00:00,101330.1,100606.9,102197.94,103572.02,8,US,False,50.2,2024-12-15 23:00:00+00:00,WIN,21.5,True
BTCUSDT,LONG,2024-12-18 16:00:00+00:00,104432.5,99586.2,110248.06,119456.03,8,US,True,43.9,2024-12-19 01:00:00+00:00,LOSS,-10.0,False
BTCUSDT,SHORT,2024-12-21 19:00:00+00:00,97411.5,99190.0,95277.3,91898.15,8,US,False,48.2,2024-12-24 18:00:00+00:00,LOSS,1.0,True
BTCUSDT,SHORT,2025-01-01 05:00:00+00:00,93561.6,94495.2,92441.28,90667.44,8,ASIA,False,47.0,2025-01-01 15:00:00+00:00,LOSS,-10.0,False
BTCUSDT,LONG,2025-01-04 11:00:00+00:00,97800.1,97401.6632,98278.2242,99035.2541,8,EUROPE,False,51.5,2025-01-05 14:00:00+00:00,LOSS,1.0,True
BTCUSDT,LONG,2025-01-05 21:00:00+00:00,98270.4,97260.8,99481.92,101400.16,8,US,False,57.3,2025-01-06 15:00:00+00:00,WIN,21.5,True
BTCUSDT,SHORT,2025-01-11 08:00:00+00:00,94252.5,94975.0,93385.5,92012.75,9,ASIA,True,49.0,2025-01-11 21:00:00+00:00,LOSS,-10.0,False
BTCUSDT,LONG,2025-01-22 09:00:00+00:00,105266.5,103308.3,107616.34,111336.92,9,ASIA,True,51.2,2025-01-22 16:00:00+00:00,LOSS,-10.0,False
BTCUSDT,LONG,2025-01-25 04:00:00+00:00,105216.1,104106.1,106548.1,108657.1,8,ASIA,False,52.7,2025-01-25 10:00:00+00:00,LOSS,-10.0,False
BTCUSDT,LONG,2025-01-25 18:00:00+00:00,104891.6,104106.1,105834.2,107326.65,8,US,False,52.4,2025-01-26 23:00:00+00:00,LOSS,-10.0,False
BTCUSDT,LONG,2025-01-31 16:00:00+00:00,105437.9,101542.4,110112.5,117513.95,9,US,True,61.2,2025-01-31 21:00:00+00:00,LOSS,-10.0,False
BTCUSDT,SHORT,2025-02-05 13:00:00+00:00,98055.6,99166.6,96722.4,94611.5,8,EUROPE,False,48.4,2025-02-05 14:00:00+00:00,LOSS,-10.0,False
BTCUSDT,SHORT,2025-02-05 15:00:00+00:00,98300.2,99189.4271,97233.1275,95543.5961,9,US,True,50.5,2025-02-07 14:00:00+00:00,LOSS,1.0,True
BTCUSDT,SHORT,2025-02-08 15:00:00+00:00,96101.8,96750.0,95323.96,94092.38,9,US,True,43.7,2025-02-08 19:00:00+00:00,LOSS,-10.0,False
BTCUSDT,SHORT,2025-02-22 13:00:00+00:00,96807.1,97256.3095,96268.0486,95414.5505,8,EUROPE,False,51.3,2025-02-23 15:00:00+00:00,WIN,21.5,True
BTCUSDT,SHORT,2025-02-27 10:00:00+00:00,86168.0,87193.4687,84937.4376,82989.047,9,EUROPE,True,49.1,2025-02-27 20:00:00+00:00,WIN,21.5,True
BTCUSDT,SHORT,2025-03-08 22:00:00+00:00,86230.6,86898.8254,85428.7295,84159.1013,8,US,False,44.7,2025-03-09 13:00:00+00:00,WIN,21.5,True
BTCUSDT,SHORT,2025-04-04 15:00:00+00:00,82571.7,84725.0,79987.74,75896.47,9,US,True,45.2,2025-04-07 06:00:00+00:00,WIN,21.5,True
BTCUSDT,LONG,2025-04-17 12:00:00+00:00,84572.1,83722.0,85592.22,87207.41,8,EUROPE,False,53.9,2025-04-17 14:00:00+00:00,LOSS,-10.0,False
BTCUSDT,LONG,2025-04-18 09:00:00+00:00,84653.3,84298.5466,85079.004,85753.0354,9,ASIA,True,49.1,2025-04-20 10:00:00+00:00,LOSS,1.0,True
BTCUSDT,LONG,2025-04-26 06:00:00+00:00,94626.2,93870.1,95533.52,96970.11,8,ASIA,False,52.6,2025-04-26 13:00:00+00:00,LOSS,-10.0,False
BTCUSDT,LONG,2025-04-26 23:00:00+00:00,94784.3,93657.9,96135.98,98276.14,8,LATE,False,58.7,2025-04-27 05:00:00+00:00,LOSS,-10.0,False
BTCUSDT,LONG,2025-04-28 23:00:00+00:00,94827.5,93450.0,96480.5,99097.75,8,LATE,False,56.0,2025-04-30 13:00:00+00:00,LOSS,-10.0,False
BTCUSDT,LONG,2025-05-11 16:00:00+00:00,104134.7,103333.3,105096.38,106619.04,9,US,True,53.1,2025-05-12 14:00:00+00:00,LOSS,1.0,True
BTCUSDT,LONG,2025-05-18 05:00:00+00:00,103345.7,102901.0,103879.34,104724.27,8,ASIA,False,52.3,2025-05-18 13:00:00+00:00,WIN,21.5,True
BTCUSDT,LONG,2025-05-27 09:00:00+00:00,109693.8,107505.2,112320.12,116478.46,9,ASIA,True,58.2,2025-05-28 14:00:00+00:00,LOSS,-10.0,False
BTCUSDT,SHORT,2025-06-01 07:00:00+00:00,104264.2,105299.9,103021.36,101053.53,8,ASIA,False,46.8,2025-06-01 16:00:00+00:00,LOSS,-10.0,False
BTCUSDT,SHORT,2025-06-04 12:00:00+00:00,105104.0,105988.0,104043.2,102363.6,8,EUROPE,False,43.3,2025-06-05 19:00:00+00:00,WIN,21.5,True
BTCUSDT,LONG,2025-06-10 16:00:00+00:00,109024.0,108344.1,109839.88,111131.69,9,US,True,52.7,2025-06-11 22:00:00+00:00,LOSS,1.0,True
BTCUSDT,LONG,2025-06-12 09:00:00+00:00,107730.1,106600.0,109086.22,111233.41,8,ASIA,True,33.1,2025-06-12 13:00:00+00:00,LOSS,-10.0,False
BTCUSDT,SHORT,2025-06-13 18:00:00+00:00,105378.4,106219.2,104369.44,102771.92,8,US,False,48.2,2025-06-14 00:00:00+00:00,LOSS,-10.0,False
BTCUSDT,SHORT,2025-06-15 21:00:00+00:00,104744.7,106791.0,102289.14,98401.17,8,US,False,39.3,2025-06-16 05:00:00+00:00,LOSS,-10.0,False
BTCUSDT,SHORT,2025-06-18 07:00:00+00:00,104957.6,105544.2,104253.68,103139.14,8,ASIA,False,45.3,2025-06-20 07:00:00+00:00,LOSS,1.0,True
BTCUSDT,SHORT,2025-06-21 08:00:00+00:00,103468.1,103991.6,102839.9,101845.25,9,ASIA,True,41.8,2025-06-21 10:00:00+00:00,LOSS,-10.0,False
BTCUSDT,SHORT,2025-06-21 11:00:00+00:00,103831.9,104228.2204,103356.3155,102603.3067,8,EUROPE,False,48.9,2025-06-21 19:00:00+00:00,WIN,21.5,True
BTCUSDT,LONG,2025-06-27 05:00:00+00:00,107499.6,106377.0,108846.72,110979.66,8,ASIA,False,54.8,2025-06-27 13:00:00+00:00,LOSS,-10.0,False
BTCUSDT,LONG,2025-06-28 04:00:00+00:00,107292.1,106450.0,108302.62,109902.61,8,ASIA,False,54.8,2025-07-01 10:00:00+00:00,LOSS,1.0,True
BTCUSDT,LONG,2025-07-17 16:00:00+00:00,118876.0,117444.0,120594.4,123315.2,9,US,True,54.9,2025-07-18 14:00:00+00:00,LOSS,1.0,True
BTCUSDT,LONG,2025-07-21 05:00:00+00:00,118339.1,116462.0,120591.62,124158.11,8,ASIA,False,56.0,2025-07-22 01:00:00+00:00,LOSS,-10.0,False
BTCUSDT,LONG,2025-07-24 12:00:00+00:00,118597.9,117072.0,120428.98,123328.19,8,EUROPE,False,52.1,2025-07-25 02:00:00+00:00,LOSS,-10.0,False
BTCUSDT,SHORT,2025-07-30 08:00:00+00:00,118128.0,118800.0,117321.6,116044.8,9,ASIA,True,51.2,2025-07-30 15:00:00+00:00,LOSS,-10.0,False
BTCUSDT,SHORT,2025-07-30 16:00:00+00:00,118007.0,118800.0,117055.4,115548.7,9,US,True,49.4,2025-07-31 07:00:00+00:00,LOSS,1.0,True
BTCUSDT,SHORT,2025-08-05 13:00:00+00:00,113944.0,115100.0,112556.8,110360.4,8,EUROPE,False,40.6,2025-08-06 14:00:00+00:00,LOSS,-10.0,False
BTCUSDT,LONG,2025-08-09 09:00:00+00:00,117100.0,116348.8,118001.44,119428.72,9,ASIA,True,60.0,2025-08-11 00:00:00+00:00,WIN,21.5,True
BTCUSDT,SHORT,2025-08-19 02:00:00+00:00,115817.7,117004.0,114394.14,112140.17,8,LATE,False,44.5,2025-08-21 19:00:00+00:00,WIN,21.5,True
BTCUSDT,SHORT,2025-08-31 10:00:00+00:00,108516.0,109486.0,107352.0,105509.0,9,EUROPE,True,43.3,2025-09-01 08:00:00+00:00,LOSS,1.0,True
BTCUSDT,LONG,2025-09-13 09:00:00+00:00,115980.0,115116.5,117016.2,118656.85,9,ASIA,True,57.3,2025-09-13 16:00:00+00:00,LOSS,-10.0,False
BTCUSDT,LONG,2025-09-14 06:00:00+00:00,115862.0,115167.0,116696.0,118016.5,8,ASIA,False,52.7,2025-09-14 14:00:00+00:00,LOSS,-10.0,False
BTCUSDT,LONG,2025-09-14 22:00:00+00:00,116066.5,114822.5,117559.3,119922.9,8,US,False,59.0,2025-09-15 01:00:00+00:00,LOSS,-10.0,False
BTCUSDT,LONG,2025-09-16 06:00:00+00:00,115946.4,114708.0,117432.48,119785.44,8,ASIA,False,61.6,2025-09-16 13:00:00+00:00,LOSS,-10.0,False
BTCUSDT,LONG,2025-09-16 16:00:00+00:00,115920.0,114708.0,117374.4,119677.2,9,US,True,59.3,2025-09-22 00:00:00+00:00,LOSS,1.0,True
BTCUSDT,SHORT,2025-09-25 04:00:00+00:00,112541.5,113946.0,110856.1,108187.55,8,ASIA,False,42.1,2025-09-29 14:00:00+00:00,LOSS,1.0,True
BTCUSDT,LONG,2025-10-04 14:00:00+00:00,122393.0,121519.4,123441.32,125101.16,9,EUROPE,True,61.1,2025-10-04 18:00:00+00:00,LOSS,-10.0,False
BTCUSDT,LONG,2025-10-08 17:00:00+00:00,123048.8,121072.1,125420.84,129176.57,8,US,False,55.8,2025-10-09 14:00:00+00:00,LOSS,-10.0,False
BTCUSDT,SHORT,2025-10-13 14:00:00+00:00,115350.3,116202.7627,114327.3448,112707.6657,8,EUROPE,True,60.2,2025-10-14 05:00:00+00:00,WIN,21.5,True
BTCUSDT,SHORT,2025-10-18 03:00:00+00:00,106596.0,107571.4,105425.52,103572.26,8,ASIA,False,46.2,2025-10-19 09:00:00+00:00,LOSS,-10.0,False
BTCUSDT,SHORT,2025-11-02 20:00:00+00:00,110178.3,111245.5,108897.66,106869.98,8,US,False,46.9,2025-11-03 10:00:00+00:00,WIN,21.5,True
BTCUSDT,SHORT,2025-11-08 12:00:00+00:00,101860.7,103335.9,100090.46,97287.58,10,EUROPE,False,43.7,2025-11-09 14:00:00+00:00,LOSS,-10.0,False
BTCUSDT,SHORT,2025-11-13 14:00:00+00:00,102324.6,104039.0,100267.32,97009.96,9,EUROPE,True,44.0,2025-11-14 04:00:00+00:00,WIN,21.5,True
BTCUSDT,SHORT,2025-11-15 16:00:00+00:00,96265.2,96995.9503,95388.2997,93999.8741,9,US,True,49.2,2025-11-16 17:00:00+00:00,WIN,21.5,True
BTCUSDT,SHORT,2025-11-19 04:00:00+00:00,91892.1,93762.8,89647.26,86092.93,8,ASIA,False,44.0,2025-11-21 02:00:00+00:00,WIN,21.5,True
BTCUSDT,SHORT,2025-11-25 12:00:00+00:00,87365.1,88507.3,85994.46,83824.28,8,EUROPE,False,47.9,2025-11-26 17:00:00+00:00,LOSS,-10.0,False
BTCUSDT,LONG,2025-11-30 04:00:00+00:00,90918.3,90168.0,91818.66,93244.23,8,ASIA,False,51.7,2025-12-01 00:00:00+00:00,LOSS,1.0,True
BTCUSDT,LONG,2025-12-04 16:00:00+00:00,92968.7,90887.6,95466.02,99420.11,9,US,True,51.5,2025-12-04 19:00:00+00:00,LOSS,-10.0,False
BTCUSDT,SHORT,2025-12-13 08:00:00+00:00,90330.1,90734.5267,89844.7879,89076.3772,9,ASIA,True,40.0,2025-12-14 11:00:00+00:00,WIN,21.5,True
BTCUSDT,SHORT,2025-12-27 07:00:00+00:00,87471.2,87794.5246,87083.2105,86468.8937,8,ASIA,False,45.3,2025-12-27 22:00:00+00:00,LOSS,-10.0,False
BTCUSDT,SHORT,2025-12-30 06:00:00+00:00,87252.0,89152.5,84971.4,81360.45,8,ASIA,False,40.9,2025-12-30 15:00:00+00:00,LOSS,-10.0,False
BTCUSDT,LONG,2025-12-31 06:00:00+00:00,88462.9,87777.3,89285.62,90588.26,8,ASIA,False,54.7,2025-12-31 15:00:00+00:00,LOSS,-10.0,False
BTCUSDT,LONG,2026-01-03 09:00:00+00:00,89673.4,89232.0358,90203.0371,91041.6291,9,ASIA,True,49.5,2026-01-04 00:00:00+00:00,WIN,21.5,True
BTCUSDT,LONG,2026-01-17 19:00:00+00:00,95433.4,94878.1,96099.76,97154.83,8,US,False,51.8,2026-01-18 01:00:00+00:00,LOSS,-10.0,False
BTCUSDT,SHORT,2026-01-24 01:00:00+00:00,89452.6,91222.0,87329.32,83967.46,8,LATE,False,47.4,2026-01-29 18:00:00+00:00,WIN,21.5,True
BTCUSDT,SHORT,2026-01-30 21:00:00+00:00,83903.1,84808.4819,82816.6417,81096.4162,8,US,False,50.4,2026-01-31 14:00:00+00:00,WIN,21.5,True
BTCUSDT,SHORT,2026-02-04 09:00:00+00:00,76585.0,77430.4531,75570.4563,73964.0954,9,ASIA,True,48.9,2026-02-04 15:00:00+00:00,WIN,21.5,True
BTCUSDT,SHORT,2026-02-12 08:00:00+00:00,67212.3,68421.6,65761.14,63463.47,9,ASIA,True,46.8,2026-02-12 14:00:00+00:00,LOSS,-10.0,False
BTCUSDT,SHORT,2026-02-17 06:00:00+00:00,68242.0,69249.1,67033.48,65119.99,8,ASIA,False,45.0,2026-02-23 01:00:00+00:00,WIN,21.5,True
BTCUSDT,SHORT,2026-03-02 10:00:00+00:00,66171.5,70100.0,61457.3,53993.15,9,EUROPE,True,48.4,2026-03-02 16:00:00+00:00,LOSS,-10.0,False
BTCUSDT,LONG,2026-03-03 08:00:00+00:00,68169.9,66149.5,70594.38,74433.14,9,ASIA,True,52.5,2026-03-03 14:00:00+00:00,LOSS,-10.0,False
BTCUSDT,LONG,2026-03-11 07:00:00+00:00,69950.6,68977.4,71118.44,72967.52,8,ASIA,False,50.5,2026-03-11 12:00:00+00:00,LOSS,-10.0,False
BTCUSDT,LONG,2026-03-12 16:00:00+00:00,70327.1,69210.7,71666.78,73787.94,9,US,True,54.6,2026-03-13 14:00:00+00:00,WIN,21.5,True
BTCUSDT,SHORT,2026-03-29 05:00:00+00:00,66741.0,67124.6,66280.68,65551.84,8,ASIA,False,50.5,2026-03-29 22:00:00+00:00,WIN,21.5,True
BTCUSDT,SHORT,2026-04-03 10:00:00+00:00,66861.6,67375.2,66245.28,65269.44,9,EUROPE,True,49.2,2026-04-03 12:00:00+00:00,LOSS,-10.0,False
BTCUSDT,SHORT,2026-04-03 13:00:00+00:00,66721.8,67375.2,65937.72,64696.26,8,EUROPE,False,45.8,2026-04-04 15:00:00+00:00,LOSS,-10.0,False
ETHUSDT,SHORT,2023-04-13 14:00:00+00:00,1992.11,2023.0,1955.042,1896.351,8,EUROPE,True,74.1,2023-04-13 19:00:00+00:00,LOSS,-10.0,False
ETHUSDT,SHORT,2023-04-23 16:00:00+00:00,1859.54,1889.99,1823.0,1765.145,9,US,True,42.1,2023-04-24 01:00:00+00:00,LOSS,-10.0,False
ETHUSDT,SHORT,2023-05-03 15:00:00+00:00,1848.23,1916.58,1766.21,1636.345,9,US,True,42.5,2023-05-03 22:00:00+00:00,LOSS,-10.0,False
ETHUSDT,LONG,2023-05-07 04:00:00+00:00,1893.15,1877.8189,1911.5473,1940.6763,9,ASIA,False,39.2,2023-05-07 23:00:00+00:00,LOSS,1.0,True
ETHUSDT,SHORT,2023-05-09 14:00:00+00:00,1842.84,1861.83,1820.052,1783.971,9,EUROPE,True,45.1,2023-05-09 20:00:00+00:00,LOSS,-10.0,False
ETHUSDT,SHORT,2023-05-13 19:00:00+00:00,1789.05,1811.35,1762.29,1719.92,8,US,False,42.9,2023-05-14 13:00:00+00:00,LOSS,-10.0,False
ETHUSDT,LONG,2023-05-29 15:00:00+00:00,1894.61,1873.68,1919.726,1959.493,9,US,True,57.5,2023-05-29 17:00:00+00:00,LOSS,-10.0,False
ETHUSDT,LONG,2023-05-29 18:00:00+00:00,1891.23,1873.68,1912.29,1945.635,8,US,False,53.9,2023-05-31 04:00:00+00:00,LOSS,1.0,True
ETHUSDT,LONG,2023-05-31 10:00:00+00:00,1869.64,1845.35,1898.788,1944.939,8,EUROPE,True,32.8,2023-05-31 14:00:00+00:00,LOSS,-10.0,False
ETHUSDT,LONG,2023-06-03 10:00:00+00:00,1903.8,1881.46,1930.608,1973.054,9,EUROPE,True,60.3,2023-06-03 19:00:00+00:00,LOSS,-10.0,False
ETHUSDT,LONG,2023-06-04 19:00:00+00:00,1903.18,1865.59,1948.288,2019.709,8,US,False,55.6,2023-06-05 04:00:00+00:00,LOSS,-10.0,False
ETHUSDT,LONG,2023-06-07 11:00:00+00:00,1857.44,1833.0,1886.768,1933.204,8,EUROPE,False,46.6,2023-06-07 16:00:00+00:00,LOSS,-10.0,False
ETHUSDT,SHORT,2023-06-09 02:00:00+00:00,1843.16,1861.02,1821.728,1787.794,8,LATE,False,46.1,2023-06-10 05:00:00+00:00,WIN,21.5,True
ETHUSDT,SHORT,2023-06-14 06:00:00+00:00,1738.73,1750.0,1725.206,1703.793,8,ASIA,False,45.7,2023-06-14 11:00:00+00:00,LOSS,-10.0,False
ETHUSDT,SHORT,2023-06-14 16:00:00+00:00,1741.11,1750.0,1730.442,1713.551,9,US,True,46.9,2023-06-14 20:00:00+00:00,WIN,21.5,True
ETHUSDT,SHORT,2023-06-16 14:00:00+00:00,1663.6,1729.46,1584.568,1459.434,9,EUROPE,True,46.3,2023-06-16 18:00:00+00:00,LOSS,-10.0,False
ETHUSDT,LONG,2023-07-01 19:00:00+00:00,1921.15,1910.03,1934.494,1955.622,8,US,False,55.7,2023-07-02 04:00:00+00:00,LOSS,-10.0,False
ETHUSDT,LONG,2023-07-02 15:00:00+00:00,1925.76,1884.59,1975.164,2053.387,9,US,True,60.2,2023-07-06 14:00:00+00:00,LOSS,1.0,True
ETHUSDT,SHORT,2023-07-07 16:00:00+00:00,1872.16,1883.4428,1858.6206,1837.1832,9,US,True,49.3,2023-07-10 18:00:00+00:00,LOSS,1.0,True
ETHUSDT,SHORT,2023-07-11 12:00:00+00:00,1867.25,1892.0,1837.55,1790.525,8,EUROPE,False,43.7,2023-07-12 06:00:00+00:00,LOSS,-10.0,False
ETHUSDT,SHORT,2023-07-18 12:00:00+00:00,1894.35,1917.01,1867.158,1824.104,8,EUROPE,False,39.7,2023-07-19 04:00:00+00:00,LOSS,-10.0,False
ETHUSDT,SHORT,2023-07-19 21:00:00+00:00,1898.66,1923.42,1868.948,1821.904,8,US,False,44.1,2023-07-20 10:00:00+00:00,LOSS,-10.0,False
ETHUSDT,SHORT,2023-07-21 07:00:00+00:00,1893.33,1901.57,1883.442,1867.786,8,ASIA,False,46.4,2023-07-21 18:00:00+00:00,LOSS,-10.0,False
ETHUSDT,SHORT,2023-07-24 03:00:00+00:00,1875.09,1905.25,1838.898,1781.594,8,ASIA,False,44.2,2023-08-17 00:00:00+00:00,WIN,21.5,True
ETHUSDT,SHORT,2023-08-20 06:00:00+00:00,1665.28,1680.39,1647.148,1618.439,8,ASIA,False,44.7,2023-08-20 20:00:00+00:00,LOSS,-10.0,False
ETHUSDT,SHORT,2023-08-22 06:00:00+00:00,1663.82,1677.06,1647.932,1622.776,8,ASIA,False,43.4,2023-08-22 17:00:00+00:00,WIN,21.5,True
ETHUSDT,SHORT,2023-08-26 09:00:00+00:00,1650.43,1656.7339,1642.8653,1630.8878,9,ASIA,True,46.8,2023-08-27 14:00:00+00:00,LOSS,-10.0,False
ETHUSDT,LONG,2023-08-31 09:00:00+00:00,1706.59,1642.85,1783.078,1904.184,9,ASIA,True,53.4,2023-08-31 17:00:00+00:00,LOSS,-10.0,False
ETHUSDT,SHORT,2023-09-02 07:00:00+00:00,1631.0,1645.21,1613.948,1586.949,8,ASIA,False,43.3,2023-09-02 15:00:00+00:00,LOSS,-10.0,False
ETHUSDT,SHORT,2023-09-03 16:00:00+00:00,1633.09,1648.45,1614.658,1585.474,9,US,True,45.8,2023-09-03 20:00:00+00:00,LOSS,-10.0,False
ETHUSDT,SHORT,2023-09-06 08:00:00+00:00,1629.27,1672.19,1577.766,1496.218,9,ASIA,True,46.1,2023-09-06 17:00:00+00:00,LOSS,-10.0,False
ETHUSDT,SHORT,2023-09-06 19:00:00+00:00,1628.1,1672.19,1575.192,1491.421,8,US,False,47.4,2023-09-29 07:00:00+00:00,LOSS,1.0,True
ETHUSDT,LONG,2023-09-29 23:00:00+00:00,1667.24,1655.57,1681.244,1703.417,8,LATE,False,56.2,2023-10-01 22:00:00+00:00,WIN,21.5,True
ETHUSDT,LONG,2023-10-03 09:00:00+00:00,1664.38,1643.19,1689.808,1730.069,12,ASIA,True,39.3,2023-10-03 14:00:00+00:00,LOSS,-10.0,False
ETHUSDT,SHORT,2023-10-08 05:00:00+00:00,1633.55,1641.61,1623.878,1608.564,8,ASIA,False,44.5,2023-10-09 09:00:00+00:00,WIN,21.5,True
ETHUSDT,SHORT,2023-10-10 08:00:00+00:00,1589.87,1597.832,1580.3156,1565.1879,9,ASIA,True,47.8,2023-10-10 14:00:00+00:00,WIN,21.5,True
ETHUSDT,SHORT,2023-10-12 01:00:00+00:00,1561.31,1576.24,1543.394,1515.027,8,LATE,False,44.7,2023-10-13 21:00:00+00:00,LOSS,1.0,True
ETHUSDT,SHORT,2023-10-14 10:00:00+00:00,1547.97,1559.04,1534.686,1513.653,11,EUROPE,True,48.3,2023-10-14 15:00:00+00:00,LOSS,-10.0,False
ETHUSDT,SHORT,2023-10-18 18:00:00+00:00,1569.22,1585.88,1549.228,1517.574,8,US,False,45.3,2023-10-20 02:00:00+00:00,LOSS,1.0,True
ETHUSDT,LONG,2023-10-21 01:00:00+00:00,1603.59,1592.14,1617.33,1639.085,8,LATE,False,58.5,2023-10-21 03:00:00+00:00,LOSS,-10.0,False
ETHUSDT,LONG,2023-10-21 04:00:00+00:00,1597.84,1589.7807,1607.5111,1622.8238,8,ASIA,False,51.4,2023-10-21 14:00:00+00:00,WIN,21.5,True
ETHUSDT,LONG,2023-10-25 10:00:00+00:00,1777.92,1758.9976,1800.6269,1836.5796,9,EUROPE,True,48.2,2023-10-26 07:00:00+00:00,WIN,21.5,True
ETHUSDT,LONG,2023-10-31 05:00:00+00:00,1799.9,1782.43,1820.864,1854.057,8,ASIA,False,47.4,2023-10-31 08:00:00+00:00,LOSS,-10.0,False
ETHUSDT,LONG,2023-10-31 12:00:00+00:00,1809.56,1781.15,1843.652,1897.631,10,EUROPE,False,55.5,2023-10-31 15:00:00+00:00,LOSS,-10.0,False
ETHUSDT,LONG,2023-10-31 19:00:00+00:00,1808.56,1781.15,1841.452,1893.531,8,US,False,54.8,2023-11-03 00:00:00+00:00,LOSS,1.0,True
ETHUSDT,LONG,2023-11-08 14:00:00+00:00,1888.96,1872.76,1908.4,1939.18,9,EUROPE,True,54.1,2023-11-09 14:00:00+00:00,WIN,21.5,True
ETHUSDT,LONG,2023-11-23 15:00:00+00:00,2059.24,2038.11,2084.596,2124.743,9,US,True,53.1,2023-11-24 10:00:00+00:00,WIN,21.5,True
ETHUSDT,LONG,2023-12-02 04:00:00+00:00,2093.06,2080.49,2108.144,2132.027,8,ASIA,False,57.6,2023-12-02 18:00:00+00:00,WIN,21.5,True
ETHUSDT,LONG,2023-12-23 23:00:00+00:00,2296.42,2274.81,2322.352,2363.411,8,LATE,False,52.8,2023-12-24 05:00:00+00:00,LOSS,1.0,True
ETHUSDT,LONG,2023-12-28 23:00:00+00:00,2356.92,2310.43,2412.708,2501.039,9,LATE,False,48.8,2023-12-29 01:00:00+00:00,LOSS,-10.0,False
ETHUSDT,LONG,2023-12-29 11:00:00+00:00,2365.73,2286.49,2460.818,2611.374,8,EUROPE,False,54.3,2023-12-29 17:00:00+00:00,LOSS,-10.0,False
ETHUSDT,SHORT,2024-01-05 09:00:00+00:00,2252.73,2286.94,2211.678,2146.679,9,ASIA,True,48.9,2024-01-08 17:00:00+00:00,LOSS,1.0,True
ETHUSDT,LONG,2024-01-13 22:00:00+00:00,2573.38,2529.51,2626.024,2709.377,8,US,False,54.8,2024-01-14 13:00:00+00:00,LOSS,-10.0,False
ETHUSDT,SHORT,2024-01-28 18:00:00+00:00,2269.41,2301.7,2230.662,2169.311,8,US,False,45.6,2024-01-29 16:00:00+00:00,LOSS,-10.0,False
ETHUSDT,SHORT,2024-02-01 16:00:00+00:00,2288.78,2321.2,2249.876,2188.278,9,US,True,51.1,2024-02-02 00:00:00+00:00,LOSS,-10.0,False
ETHUSDT,SHORT,2024-02-04 19:00:00+00:00,2294.66,2311.6,2274.332,2242.146,8,US,False,43.9,2024-02-04 20:00:00+00:00,LOSS,-10.0,False
ETHUSDT,SHORT,2024-02-04 23:00:00+00:00,2288.18,2324.99,2244.008,2174.069,8,LATE,False,43.6,2024-02-05 08:00:00+00:00,LOSS,-10.0,False
ETHUSDT,LONG,2024-03-02 17:00:00+00:00,3425.01,3393.69,3462.594,3522.102,8,US,False,52.3,2024-03-03 07:00:00+00:00,LOSS,-10.0,False
ETHUSDT,LONG,2024-03-07 07:00:00+00:00,3771.76,3711.2328,3844.3927,3959.3944,8,ASIA,False,49.3,2024-03-08 13:00:00+00:00,WIN,21.5,True
ETHUSDT,LONG,2024-03-09 12:00:00+00:00,3912.8,3870.0,3964.16,4045.48,8,EUROPE,False,50.0,2024-03-09 17:00:00+00:00,LOSS,-10.0,False
ETHUSDT,LONG,2024-03-10 02:00:00+00:00,3930.0,3870.0,4002.0,4116.0,8,LATE,False,58.2,2024-03-10 14:00:00+00:00,LOSS,-10.0,False
ETHUSDT,SHORT,2024-03-18 04:00:00+00:00,3600.81,3679.49,3506.394,3356.902,8,ASIA,False,48.8,2024-03-19 05:00:00+00:00,WIN,21.5,True
ETHUSDT,SHORT,2024-03-30 21:00:00+00:00,3506.27,3634.0,3352.994,3110.307,8,US,False,43.6,2024-03-31 06:00:00+00:00,LOSS,-10.0,False
ETHUSDT,SHORT,2024-04-17 00:00:00+00:00,3084.12,3128.6252,3030.7138,2946.1539,8,LATE,False,50.4,2024-04-17 14:00:00+00:00,WIN,21.5,True
ETHUSDT,SHORT,2024-04-20 02:00:00+00:00,3050.78,3107.96,2982.164,2873.522,8,LATE,False,47.3,2024-04-20 15:00:00+00:00,LOSS,-10.0,False
ETHUSDT,SHORT,2024-04-26 11:00:00+00:00,3123.39,3168.4,3069.378,2983.859,8,EUROPE,False,41.3,2024-04-26 14:00:00+00:00,LOSS,-10.0,False
ETHUSDT,SHORT,2024-04-27 11:00:00+00:00,3115.0,3285.58,2910.304,2586.202,8,EUROPE,False,44.8,2024-04-27 18:00:00+00:00,LOSS,-10.0,False
ETHUSDT,SHORT,2024-05-13 02:00:00+00:00,2917.45,2996.8,2822.23,2671.465,10,LATE,False,44.2,2024-05-13 09:00:00+00:00,LOSS,-10.0,False
ETHUSDT,LONG,2024-05-25 19:00:00+00:00,3759.99,3720.86,3806.946,3881.293,8,US,False,55.2,2024-05-26 16:00:00+00:00,WIN,21.5,True
ETHUSDT,SHORT,2024-06-19 08:00:00+00:00,3544.2,3588.67,3490.836,3406.343,8,ASIA,True,63.1,2024-06-19 17:00:00+00:00,LOSS,-10.0,False
ETHUSDT,SHORT,2024-06-22 08:00:00+00:00,3494.33,3528.4,3453.446,3388.713,9,ASIA,True,44.5,2024-06-24 02:00:00+00:00,WIN,21.5,True
ETHUSDT,SHORT,2024-06-25 02:00:00+00:00,3349.2,3394.6,3294.72,3208.46,8,LATE,False,48.8,2024-06-25 05:00:00+00:00,LOSS,-10.0,False
ETHUSDT,SHORT,2024-06-27 06:00:00+00:00,3368.84,3478.09,3237.74,3030.165,8,ASIA,False,45.4,2024-06-27 14:00:00+00:00,LOSS,-10.0,False
ETHUSDT,SHORT,2024-06-29 09:00:00+00:00,3392.57,3409.4914,3372.2643,3340.1136,9,ASIA,True,45.4,2024-06-30 17:00:00+00:00,LOSS,1.0,True
ETHUSDT,LONG,2024-07-20 11:00:00+00:00,3488.74,3469.2976,3512.0709,3549.0114,8,EUROPE,False,54.5,2024-07-21 17:00:00+00:00,LOSS,1.0,True
ETHUSDT,SHORT,2024-07-28 00:00:00+00:00,3249.19,3327.78,3154.882,3005.561,8,LATE,False,45.7,2024-07-29 02:00:00+00:00,LOSS,-10.0,False
ETHUSDT,SHORT,2024-07-31 20:00:00+00:00,3266.21,3349.99,3165.674,3006.492,8,US,False,39.0,2024-08-02 15:00:00+00:00,WIN,21.5,True
ETHUSDT,SHORT,2024-08-16 11:00:00+00:00,2617.91,2642.9961,2587.8067,2540.1431,8,EUROPE,False,51.9,2024-08-18 09:00:00+00:00,LOSS,1.0,True
ETHUSDT,LONG,2024-08-25 09:00:00+00:00,2751.57,2731.6191,2775.5111,2813.4178,9,ASIA,True,48.0,2024-08-26 02:00:00+00:00,LOSS,1.0,True
ETHUSDT,SHORT,2024-08-29 22:00:00+00:00,2530.0,2595.96,2450.848,2325.524,8,US,False,45.7,2024-09-04 01:00:00+00:00,WIN,21.5,True
ETHUSDT,LONG,2024-09-14 12:00:00+00:00,2417.32,2374.25,2469.004,2550.837,8,EUROPE,False,55.6,2024-09-14 18:00:00+00:00,LOSS,-10.0,False
ETHUSDT,SHORT,2024-09-18 09:00:00+00:00,2321.2,2365.38,2268.184,2184.242,9,ASIA,True,46.9,2024-09-18 18:00:00+00:00,LOSS,-10.0,False
ETHUSDT,LONG,2024-09-24 20:00:00+00:00,2650.6,2592.17,2720.716,2831.733,8,US,False,55.2,2024-09-25 17:00:00+00:00,LOSS,-10.0,False
ETHUSDT,LONG,2024-09-28 10:00:00+00:00,2669.81,2650.0,2693.582,2731.221,9,EUROPE,True,45.8,2024-09-29 06:00:00+00:00,LOSS,-10.0,False
ETHUSDT,SHORT,2024-10-05 20:00:00+00:00,2396.79,2428.1,2359.218,2299.729,8,US,False,43.9,2024-10-06 09:00:00+00:00,LOSS,-10.0,False
ETHUSDT,SHORT,2024-10-09 17:00:00+00:00,2434.14,2472.1,2388.588,2316.464,8,US,False,47.4,2024-10-12 14:00:00+00:00,LOSS,1.0,True
ETHUSDT,LONG,2024-10-14 04:00:00+00:00,2521.29,2440.01,2618.826,2773.258,8,ASIA,False,72.4,2024-10-25 23:00:00+00:00,LOSS,1.0,True
ETHUSDT,SHORT,2024-11-04 15:00:00+00:00,2450.52,2485.77,2408.22,2341.245,9,US,True,44.7,2024-11-06 00:00:00+00:00,LOSS,1.0,True
ETHUSDT,LONG,2024-12-07 10:00:00+00:00,3986.07,3952.1761,4026.7427,4091.1412,9,EUROPE,True,54.3,2024-12-08 08:00:00+00:00,LOSS,-10.0,False
ETHUSDT,LONG,2024-12-08 16:00:00+00:00,3990.94,3922.41,4073.176,4203.383,11,US,True,53.0,2024-12-09 03:00:00+00:00,LOSS,-10.0,False
ETHUSDT,LONG,2024-12-16 15:00:00+00:00,3930.0,3883.6,3985.68,4073.84,9,US,True,50.9,2024-12-16 18:00:00+00:00,WIN,21.5,True
ETHUSDT,SHORT,2024-12-28 07:00:00+00:00,3341.81,3396.0,3276.782,3173.821,8,ASIA,False,47.1,2024-12-28 14:00:00+00:00,LOSS,-10.0,False
ETHUSDT,LONG,2025-01-05 22:00:00+00:00,3645.65,3593.62,3708.086,3806.943,8,US,False,61.9,2025-01-07 14:00:00+00:00,LOSS,1.0,True
ETHUSDT,SHORT,2025-01-11 00:00:00+00:00,3267.1,3323.16,3199.828,3093.314,8,LATE,False,48.2,2025-01-13 00:00:00+00:00,LOSS,-10.0,False
ETHUSDT,SHORT,2025-01-13 03:00:00+00:00,3256.01,3338.65,3156.842,2999.826,8,ASIA,False,46.0,2025-01-13 14:00:00+00:00,WIN,21.5,True
ETHUSDT,SHORT,2025-01-21 15:00:00+00:00,3289.02,3368.09,3194.136,3043.903,9,US,True,49.8,2025-01-21 18:00:00+00:00,LOSS,-10.0,False
ETHUSDT,SHORT,2025-02-09 18:00:00+00:00,2641.83,2673.39,2603.958,2543.994,8,US,False,48.1,2025-02-09 22:00:00+00:00,WIN,21.5,True
ETHUSDT,SHORT,2025-02-28 21:00:00+00:00,2216.41,2281.11,2138.77,2015.84,8,US,False,51.0,2025-03-01 04:00:00+00:00,LOSS,-10.0,False
ETHUSDT,SHORT,2025-03-12 00:00:00+00:00,1923.31,1963.21,1875.43,1799.62,8,LATE,False,49.0,2025-03-19 10:00:00+00:00,LOSS,1.0,True
ETHUSDT,LONG,2025-03-25 18:00:00+00:00,2076.26,2042.64,2116.604,2180.482,8,US,False,56.8,2025-03-26 03:00:00+00:00,LOSS,-10.0,False
ETHUSDT,LONG,2025-03-26 11:00:00+00:00,2073.02,1981.21,2183.192,2357.631,10,EUROPE,False,55.3,2025-03-26 19:00:00+00:00,LOSS,-10.0,False
ETHUSDT,SHORT,2025-04-08 08:00:00+00:00,1570.9,1618.66,1513.588,1422.844,9,ASIA,True,48.8,2025-04-09 01:00:00+00:00,WIN,21.5,True
ETHUSDT,SHORT,2025-04-11 08:00:00+00:00,1552.8,1592.0,1505.76,1431.28,9,ASIA,True,51.6,2025-04-11 17:00:00+00:00,LOSS,-10.0,False
ETHUSDT,SHORT,2025-04-18 05:00:00+00:00,1581.03,1615.85,1539.246,1473.088,8,ASIA,False,46.2,2025-04-19 17:00:00+00:00,LOSS,-10.0,False
ETHUSDT,LONG,2025-04-25 01:00:00+00:00,1774.12,1738.78,1816.528,1883.674,8,LATE,False,55.7,2025-04-25 02:00:00+00:00,LOSS,-10.0,False
ETHUSDT,LONG,2025-04-30 12:00:00+00:00,1815.7,1731.41,1916.848,2076.999,8,EUROPE,False,55.6,2025-04-30 14:00:00+00:00,LOSS,-10.0,False
ETHUSDT,LONG,2025-05-14 10:00:00+00:00,2608.25,2547.02,2681.726,2798.063,9,EUROPE,True,49.2,2025-05-14 17:00:00+00:00,LOSS,-10.0,False
ETHUSDT,SHORT,2025-05-31 16:00:00+00:00,2536.43,2560.3236,2507.7577,2462.36,9,US,True,46.3,2025-06-02 18:00:00+00:00,LOSS,1.0,True
ETHUSDT,SHORT,2025-06-06 16:00:00+00:00,2509.39,2539.1412,2473.6886,2417.1613,9,US,True,53.1,2025-06-07 22:00:00+00:00,LOSS,1.0,True
ETHUSDT,SHORT,2025-06-18 07:00:00+00:00,2524.0,2549.6221,2493.2535,2444.5716,8,ASIA,False,46.7,2025-06-20 07:00:00+00:00,LOSS,1.0,True
ETHUSDT,SHORT,2025-06-24 08:00:00+00:00,2392.81,2483.0,2284.582,2113.221,8,ASIA,True,61.0,2025-06-24 16:00:00+00:00,LOSS,-10.0,False
ETHUSDT,LONG,2025-06-30 17:00:00+00:00,2475.34,2433.47,2525.584,2605.137,8,US,False,53.6,2025-07-01 13:00:00+00:00,LOSS,-10.0,False
ETHUSDT,LONG,2025-07-13 03:00:00+00:00,2953.97,2910.55,3006.074,3088.572,8,ASIA,False,53.6,2025-07-15 17:00:00+00:00,WIN,21.5,True
ETHUSDT,LONG,2025-07-19 08:00:00+00:00,3571.22,3506.8,3648.524,3770.922,9,ASIA,True,52.6,2025-07-20 15:00:00+00:00,WIN,21.5,True
ETHUSDT,LONG,2025-07-30 06:00:00+00:00,3809.85,3741.0,3892.47,4023.285,8,ASIA,False,52.5,2025-07-30 18:00:00+00:00,LOSS,-10.0,False
ETHUSDT,SHORT,2025-08-30 13:00:00+00:00,4367.55,4415.88,4309.554,4217.727,8,EUROPE,False,47.9,2025-08-31 00:00:00+00:00,LOSS,-10.0,False
ETHUSDT,SHORT,2025-09-06 14:00:00+00:00,4294.04,4325.0,4256.888,4198.064,9,EUROPE,True,43.1,2025-09-07 23:00:00+00:00,LOSS,1.0,True
ETHUSDT,SHORT,2025-09-08 08:00:00+00:00,4292.48,4384.36,4182.224,4007.652,9,ASIA,True,47.6,2025-09-08 15:00:00+00:00,LOSS,-10.0,False
ETHUSDT,SHORT,2025-09-10 00:00:00+00:00,4310.32,4362.18,4248.088,4149.554,8,LATE,False,48.7,2025-09-10 12:00:00+00:00,LOSS,-10.0,False
ETHUSDT,SHORT,2025-09-21 23:00:00+00:00,4465.85,4498.38,4426.814,4365.007,8,LATE,False,43.2,2025-09-22 01:00:00+00:00,WIN,21.5,True
ETHUSDT,LONG,2025-10-04 06:00:00+00:00,4503.95,4441.82,4578.506,4696.553,8,ASIA,False,54.1,2025-10-04 15:00:00+00:00,LOSS,-10.0,False
ETHUSDT,SHORT,2025-10-13 10:00:00+00:00,4164.69,4272.86,4034.886,3829.363,8,EUROPE,True,66.2,2025-10-13 19:00:00+00:00,LOSS,-10.0,False
ETHUSDT,SHORT,2025-10-18 05:00:00+00:00,3844.37,3928.27,3743.69,3584.28,8,ASIA,False,49.3,2025-10-18 07:00:00+00:00,LOSS,-10.0,False
ETHUSDT,SHORT,2025-10-31 13:00:00+00:00,3836.59,3906.51,3752.686,3619.838,8,EUROPE,False,49.1,2025-10-31 19:00:00+00:00,LOSS,-10.0,False
ETHUSDT,SHORT,2025-11-03 01:00:00+00:00,3864.77,3917.45,3801.554,3701.462,8,LATE,False,48.2,2025-11-03 06:00:00+00:00,WIN,21.5,True
ETHUSDT,SHORT,2025-11-19 14:00:00+00:00,3067.12,3118.42,3005.56,2908.09,11,EUROPE,True,46.8,2025-11-19 17:00:00+00:00,WIN,21.5,True
ETHUSDT,SHORT,2025-11-20 07:00:00+00:00,3020.97,3063.69,2969.706,2888.538,8,ASIA,False,48.8,2025-11-20 16:00:00+00:00,WIN,21.5,True
ETHUSDT,LONG,2025-12-06 08:00:00+00:00,3026.72,2999.6331,3059.2243,3110.6894,8,ASIA,True,36.8,2025-12-07 14:00:00+00:00,LOSS,1.0,True
ETHUSDT,LONG,2025-12-09 07:00:00+00:00,3113.15,3082.8935,3149.4578,3206.9451,8,ASIA,False,49.8,2025-12-09 16:00:00+00:00,WIN,21.5,True
ETHUSDT,LONG,2025-12-11 16:00:00+00:00,3179.25,3145.01,3220.338,3285.394,8,US,True,34.9,2025-12-12 15:00:00+00:00,LOSS,1.0,True
ETHUSDT,SHORT,2025-12-17 01:00:00+00:00,2949.66,2982.5323,2910.2132,2847.7559,8,LATE,False,47.4,2025-12-17 14:00:00+00:00,LOSS,1.0,True
ETHUSDT,SHORT,2025-12-19 16:00:00+00:00,2964.72,3018.79,2899.836,2797.103,8,US,True,63.3,2025-12-22 00:00:00+00:00,LOSS,-10.0,False
ETHUSDT,SHORT,2025-12-26 22:00:00+00:00,2924.81,2986.8,2850.422,2732.641,8,US,False,44.0,2025-12-29 02:00:00+00:00,LOSS,-10.0,False
ETHUSDT,SHORT,2025-12-30 06:00:00+00:00,2941.47,3009.92,2859.33,2729.275,8,ASIA,False,47.2,2025-12-30 14:00:00+00:00,LOSS,-10.0,False
ETHUSDT,LONG,2026-01-01 05:00:00+00:00,2975.96,2962.0289,2992.6773,3019.1464,8,ASIA,False,48.5,2026-01-02 03:00:00+00:00,WIN,21.5,True
ETHUSDT,LONG,2026-01-03 09:00:00+00:00,3095.94,3075.4609,3120.515,3159.4253,9,ASIA,True,52.6,2026-01-04 00:00:00+00:00,WIN,21.5,True
ETHUSDT,LONG,2026-01-04 16:00:00+00:00,3135.59,3118.2,3156.458,3189.499,9,US,True,53.7,2026-01-05 01:00:00+00:00,WIN,21.5,True
ETHUSDT,LONG,2026-01-17 12:00:00+00:00,3302.5,3284.0,3324.7,3359.85,8,EUROPE,False,55.0,2026-01-18 18:00:00+00:00,WIN,21.5,True
ETHUSDT,SHORT,2026-01-22 12:00:00+00:00,2986.84,3038.45,2924.908,2826.849,10,EUROPE,False,46.4,2026-01-25 19:00:00+00:00,WIN,21.5,True
ETHUSDT,SHORT,2026-02-03 07:00:00+00:00,2320.41,2359.78,2273.166,2198.363,10,ASIA,False,47.9,2026-02-03 17:00:00+00:00,WIN,21.5,True
ETHUSDT,SHORT,2026-02-08 14:00:00+00:00,2126.64,2155.9142,2091.5109,2035.8899,8,EUROPE,True,62.8,2026-02-09 08:00:00+00:00,WIN,21.5,True
ETHUSDT,SHORT,2026-02-12 08:00:00+00:00,1967.89,2001.67,1927.354,1863.172,9,ASIA,True,50.4,2026-02-12 11:00:00+00:00,LOSS,-10.0,False
ETHUSDT,SHORT,2026-02-17 06:00:00+00:00,1975.78,2008.88,1936.06,1873.17,8,ASIA,False,45.6,2026-02-17 16:00:00+00:00,LOSS,-10.0,False
ETHUSDT,SHORT,2026-02-19 09:00:00+00:00,1970.59,1987.4,1950.418,1918.479,9,ASIA,True,48.8,2026-02-19 13:00:00+00:00,WIN,21.5,True
ETHUSDT,SHORT,2026-02-22 13:00:00+00:00,1966.53,1983.29,1946.418,1914.574,8,EUROPE,False,42.0,2026-02-23 01:00:00+00:00,WIN,21.5,True
ETHUSDT,SHORT,2026-03-02 07:00:00+00:00,1943.61,2090.9,1766.862,1487.011,8,ASIA,False,44.6,2026-03-02 16:00:00+00:00,LOSS,-10.0,False
ETHUSDT,LONG,2026-03-03 07:00:00+00:00,1999.48,1929.0,2084.056,2217.968,8,ASIA,False,49.2,2026-03-03 14:00:00+00:00,LOSS,-10.0,False
ETHUSDT,LONG,2026-03-18 01:00:00+00:00,2324.23,2299.9744,2353.3367,2399.4224,8,LATE,False,52.1,2026-03-18 11:00:00+00:00,LOSS,-10.0,False
ETHUSDT,SHORT,2026-03-30 10:00:00+00:00,2055.21,2085.57,2018.778,1961.094,8,EUROPE,True,65.8,2026-03-30 13:00:00+00:00,LOSS,-10.0,False
ETHUSDT,SHORT,2026-03-31 00:00:00+00:00,2026.78,2092.64,1947.748,1822.614,8,LATE,False,45.3,2026-03-31 01:00:00+00:00,LOSS,-10.0,False
ETHUSDT,SHORT,2026-04-04 08:00:00+00:00,2053.91,2062.2337,2043.9216,2028.1066,9,ASIA,True,48.6,2026-04-04 19:00:00+00:00,LOSS,-10.0,False
SOLUSDT,SHORT,2023-04-24 13:00:00+00:00,21.583,21.994,21.0898,20.3089,8,EUROPE,False,49.9,2023-04-26 00:00:00+00:00,LOSS,1.0,True
SOLUSDT,LONG,2023-04-30 06:00:00+00:00,23.292,22.933,23.7228,24.4049,10,ASIA,False,55.0,2023-04-30 23:00:00+00:00,LOSS,1.0,True
SOLUSDT,SHORT,2023-05-07 06:00:00+00:00,21.983,22.55,21.3026,20.2253,8,ASIA,False,45.1,2023-05-07 15:00:00+00:00,LOSS,-10.0,False
SOLUSDT,SHORT,2023-05-09 14:00:00+00:00,20.824,21.0452,20.5585,20.1382,9,EUROPE,True,48.8,2023-05-10 12:00:00+00:00,LOSS,1.0,True
SOLUSDT,SHORT,2023-05-19 10:00:00+00:00,20.446,20.589,20.2744,20.0027,9,EUROPE,True,45.6,2023-05-19 15:00:00+00:00,LOSS,-10.0,False
SOLUSDT,SHORT,2023-05-21 11:00:00+00:00,20.252,20.392,20.084,19.818,8,EUROPE,False,48.0,2023-05-21 15:00:00+00:00,WIN,21.5,True
SOLUSDT,SHORT,2023-05-26 02:00:00+00:00,19.214,19.428,18.9572,18.5506,8,LATE,False,43.5,2023-05-26 14:00:00+00:00,LOSS,-10.0,False
SOLUSDT,LONG,2023-05-30 02:00:00+00:00,20.867,20.261,21.5942,22.7456,8,LATE,False,63.1,2023-06-05 15:00:00+00:00,LOSS,1.0,True
SOLUSDT,SHORT,2023-06-14 05:00:00+00:00,15.173,15.3852,14.9183,14.515,8,ASIA,False,50.5,2023-06-14 20:00:00+00:00,WIN,21.5,True
SOLUSDT,SHORT,2023-06-15 16:00:00+00:00,14.48,15.069,13.7732,12.6541,9,US,True,41.6,2023-06-15 21:00:00+00:00,LOSS,-10.0,False
SOLUSDT,LONG,2023-07-04 13:00:00+00:00,19.337,19.06,19.6694,20.1957,10,EUROPE,False,54.7,2023-07-05 08:00:00+00:00,LOSS,1.0,True
SOLUSDT,SHORT,2023-07-31 11:00:00+00:00,24.525,24.777,24.2226,23.7438,8,EUROPE,False,46.1,2023-07-31 19:00:00+00:00,WIN,21.5,True
SOLUSDT,SHORT,2023-08-04 02:00:00+00:00,22.598,23.107,21.9872,21.0201,8,LATE,False,37.2,2023-08-04 12:00:00+00:00,LOSS,-10.0,False
SOLUSDT,LONG,2023-08-10 09:00:00+00:00,24.355,24.137,24.6166,25.0308,9,ASIA,True,50.9,2023-08-12 22:00:00+00:00,WIN,21.5,True
SOLUSDT,SHORT,2023-08-20 06:00:00+00:00,21.665,22.027,21.2306,20.5428,8,ASIA,False,45.2,2023-08-20 11:00:00+00:00,LOSS,-10.0,False
SOLUSDT,SHORT,2023-08-27 16:00:00+00:00,20.753,20.912,20.5622,20.2601,8,US,True,65.9,2023-08-28 05:00:00+00:00,WIN,21.5,True
SOLUSDT,SHORT,2023-08-28 22:00:00+00:00,20.42,20.785,19.982,19.2885,8,US,False,45.6,2023-08-29 14:00:00+00:00,LOSS,-10.0,False
SOLUSDT,SHORT,2023-09-02 09:00:00+00:00,19.512,19.702,19.284,18.923,9,ASIA,True,46.8,2023-09-02 15:00:00+00:00,LOSS,-10.0,False
SOLUSDT,SHORT,2023-09-03 08:00:00+00:00,19.526,19.66,19.3652,19.1106,8,ASIA,True,50.1,2023-09-04 00:00:00+00:00,LOSS,1.0,True
SOLUSDT,SHORT,2023-09-09 04:00:00+00:00,19.535,19.6545,19.3916,19.1645,8,ASIA,False,44.5,2023-09-10 04:00:00+00:00,WIN,21.5,True
SOLUSDT,SHORT,2023-09-13 00:00:00+00:00,17.913,18.605,17.0826,15.7678,8,LATE,False,48.1,2023-09-13 07:00:00+00:00,LOSS,-10.0,False
SOLUSDT,LONG,2023-09-21 15:00:00+00:00,19.498,19.225,19.8256,20.3443,8,US,True,35.0,2023-09-22 00:00:00+00:00,LOSS,-10.0,False
SOLUSDT,LONG,2023-10-05 05:00:00+00:00,23.38,22.803,24.0724,25.1687,10,ASIA,False,52.8,2023-10-05 15:00:00+00:00,LOSS,-10.0,False
SOLUSDT,LONG,2023-10-06 07:00:00+00:00,23.165,22.612,23.8286,24.8793,10,ASIA,False,54.2,2023-10-09 09:00:00+00:00,LOSS,1.0,True
SOLUSDT,SHORT,2023-10-14 10:00:00+00:00,22.054,22.346,21.7036,21.1488,8,EUROPE,True,61.4,2023-10-16 05:00:00+00:00,LOSS,1.0,True
SOLUSDT,LONG,2023-10-18 03:00:00+00:00,23.982,23.6978,24.3231,24.8631,8,ASIA,False,52.3,2023-10-18 13:00:00+00:00,LOSS,1.0,True
SOLUSDT,LONG,2023-10-28 06:00:00+00:00,32.279,31.475,33.2438,34.7714,8,ASIA,False,52.3,2023-10-28 18:00:00+00:00,LOSS,-10.0,False
SOLUSDT,LONG,2023-11-29 23:00:00+00:00,59.16,58.2432,60.2602,62.0021,8,LATE,False,50.4,2023-12-02 06:00:00+00:00,WIN,21.5,True
SOLUSDT,LONG,2023-12-11 16:00:00+00:00,69.22,66.85,72.064,76.567,8,US,True,42.9,2023-12-12 17:00:00+00:00,LOSS,1.0,True
SOLUSDT,LONG,2023-12-16 13:00:00+00:00,76.28,73.12,80.072,86.076,8,EUROPE,False,58.9,2023-12-16 20:00:00+00:00,LOSS,-10.0,False
SOLUSDT,LONG,2023-12-25 03:00:00+00:00,110.62,107.5247,114.3344,120.2155,8,ASIA,False,49.8,2023-12-25 15:00:00+00:00,WIN,21.5,True
SOLUSDT,LONG,2023-12-27 11:00:00+00:00,115.02,104.56,127.572,147.446,8,EUROPE,False,57.1,2023-12-27 16:00:00+00:00,LOSS,-10.0,False
SOLUSDT,SHORT,2024-01-14 09:00:00+00:00,97.64,102.97,91.244,81.117,8,ASIA,True,60.7,2024-01-14 16:00:00+00:00,LOSS,-10.0,False
SOLUSDT,SHORT,2024-01-20 15:00:00+00:00,91.12,93.67,88.06,83.215,9,US,True,39.7,2024-01-21 10:00:00+00:00,LOSS,-10.0,False
SOLUSDT,SHORT,2024-01-21 20:00:00+00:00,92.46,93.92,90.708,87.934,8,US,False,47.4,2024-01-22 08:00:00+00:00,WIN,21.5,True
SOLUSDT,SHORT,2024-02-25 11:00:00+00:00,102.44,104.43,100.052,96.271,8,EUROPE,False,44.2,2024-02-26 01:00:00+00:00,LOSS,-10.0,False
SOLUSDT,LONG,2024-03-01 21:00:00+00:00,131.58,127.18,136.86,145.22,8,US,False,50.9,2024-03-02 01:00:00+00:00,LOSS,-10.0,False
SOLUSDT,LONG,2024-03-03 04:00:00+00:00,130.18,123.59,138.088,150.609,8,ASIA,False,52.9,2024-03-03 07:00:00+00:00,LOSS,-10.0,False
SOLUSDT,LONG,2024-03-05 06:00:00+00:00,132.63,127.73,138.51,147.82,8,ASIA,False,56.2,2024-03-05 19:00:00+00:00,LOSS,1.0,True
SOLUSDT,LONG,2024-03-06 16:00:00+00:00,128.24,124.2516,133.026,140.6039,9,US,True,49.4,2024-03-07 02:00:00+00:00,WIN,21.5,True
SOLUSDT,LONG,2024-03-09 16:00:00+00:00,146.99,143.51,151.166,157.778,9,US,True,52.4,2024-03-09 17:00:00+00:00,LOSS,-10.0,False
SOLUSDT,LONG,2024-03-28 10:00:00+00:00,187.46,180.93,195.296,207.703,9,EUROPE,True,54.7,2024-04-02 08:00:00+00:00,LOSS,1.0,True
SOLUSDT,SHORT,2024-04-06 10:00:00+00:00,176.15,179.34,172.322,166.261,9,EUROPE,True,48.6,2024-04-06 16:00:00+00:00,LOSS,-10.0,False
SOLUSDT,LONG,2024-05-22 14:00:00+00:00,179.83,175.06,185.554,194.617,11,EUROPE,True,51.8,2024-05-23 10:00:00+00:00,LOSS,-10.0,False
SOLUSDT,LONG,2024-05-23 16:00:00+00:00,172.7,165.02,181.916,196.508,8,US,True,39.3,2024-05-23 20:00:00+00:00,LOSS,-10.0,False
SOLUSDT,SHORT,2024-05-30 06:00:00+00:00,168.69,171.48,165.342,160.041,10,ASIA,False,46.8,2024-05-30 17:00:00+00:00,LOSS,1.0,True
SOLUSDT,SHORT,2024-05-31 05:00:00+00:00,167.06,171.86,161.3,152.18,8,ASIA,False,46.0,2024-06-04 23:00:00+00:00,LOSS,-10.0,False
SOLUSDT,LONG,2024-06-07 12:00:00+00:00,172.17,151.66,196.782,235.751,8,EUROPE,False,54.0,2024-06-07 18:00:00+00:00,LOSS,-10.0,False
SOLUSDT,LONG,2024-06-28 07:00:00+00:00,145.22,140.86,150.452,158.736,8,ASIA,False,51.3,2024-06-28 15:00:00+00:00,LOSS,-10.0,False
SOLUSDT,LONG,2024-07-03 14:00:00+00:00,144.17,138.84,150.566,160.693,8,EUROPE,True,37.2,2024-07-03 21:00:00+00:00,LOSS,-10.0,False
SOLUSDT,LONG,2024-07-18 09:00:00+00:00,159.39,155.17,164.454,172.472,9,ASIA,True,53.5,2024-07-18 16:00:00+00:00,LOSS,-10.0,False
SOLUSDT,LONG,2024-07-28 08:00:00+00:00,183.85,181.13,187.114,192.282,9,ASIA,True,51.6,2024-07-29 02:00:00+00:00,WIN,21.5,True
SOLUSDT,SHORT,2024-08-12 16:00:00+00:00,147.56,150.79,143.684,137.547,8,US,True,50.8,2024-08-14 12:00:00+00:00,LOSS,1.0,True
SOLUSDT,SHORT,2024-08-31 17:00:00+00:00,136.12,138.37,133.42,129.145,8,US,False,42.6,2024-09-01 22:00:00+00:00,WIN,21.5,True
SOLUSDT,SHORT,2024-09-09 15:00:00+00:00,127.15,137.1,115.21,96.305,9,US,True,39.6,2024-09-09 21:00:00+00:00,LOSS,-10.0,False
SOLUSDT,LONG,2024-09-28 15:00:00+00:00,157.93,155.0,161.446,167.013,9,US,True,54.6,2024-09-30 09:00:00+00:00,LOSS,1.0,True
SOLUSDT,LONG,2024-10-16 10:00:00+00:00,155.33,152.94,158.198,162.739,9,EUROPE,True,54.6,2024-10-17 05:00:00+00:00,LOSS,1.0,True
SOLUSDT,SHORT,2024-11-04 04:00:00+00:00,162.83,165.02,160.202,156.041,9,ASIA,False,50.2,2024-11-04 21:00:00+00:00,WIN,21.5,True
SOLUSDT,LONG,2024-11-14 20:00:00+00:00,215.57,204.48,228.878,249.949,8,US,False,51.1,2024-11-15 04:00:00+00:00,LOSS,-10.0,False
SOLUSDT,LONG,2024-11-25 08:00:00+00:00,253.28,235.15,275.036,309.483,9,ASIA,True,53.6,2024-11-25 15:00:00+00:00,LOSS,-10.0,False
SOLUSDT,LONG,2024-11-30 03:00:00+00:00,241.95,239.14,245.322,250.661,8,ASIA,False,52.0,2024-11-30 14:00:00+00:00,LOSS,1.0,True
SOLUSDT,SHORT,2024-12-01 17:00:00+00:00,238.08,240.0178,235.7546,232.0727,8,US,False,49.8,2024-12-02 03:00:00+00:00,WIN,21.5,True
SOLUSDT,SHORT,2024-12-04 17:00:00+00:00,225.74,238.35,210.608,186.649,8,US,False,37.3,2024-12-05 03:00:00+00:00,LOSS,-10.0,False
SOLUSDT,SHORT,2024-12-10 16:00:00+00:00,206.53,218.69,191.938,168.834,9,US,True,29.8,2024-12-11 03:00:00+00:00,LOSS,-10.0,False
SOLUSDT,LONG,2025-01-04 11:00:00+00:00,215.68,213.54,218.248,222.314,8,EUROPE,False,53.9,2025-01-04 15:00:00+00:00,LOSS,-10.0,False
SOLUSDT,SHORT,2025-01-10 20:00:00+00:00,190.22,193.3604,186.4515,180.4847,8,US,False,51.0,2025-01-13 08:00:00+00:00,WIN,21.5,True
SOLUSDT,SHORT,2025-01-31 18:00:00+00:00,235.37,241.82,227.63,215.375,8,US,False,44.1,2025-02-01 22:00:00+00:00,WIN,21.5,True
SOLUSDT,SHORT,2025-02-13 06:00:00+00:00,195.15,198.46,191.178,184.889,8,ASIA,False,47.1,2025-02-14 09:00:00+00:00,LOSS,1.0,True
SOLUSDT,SHORT,2025-02-23 00:00:00+00:00,172.08,174.76,168.864,163.772,8,LATE,False,46.9,2025-02-24 01:00:00+00:00,WIN,21.5,True
SOLUSDT,SHORT,2025-02-27 17:00:00+00:00,137.02,142.89,129.976,118.823,8,US,False,45.2,2025-02-28 14:00:00+00:00,LOSS,1.0,True
SOLUSDT,SHORT,2025-03-31 21:00:00+00:00,125.39,127.8,122.498,117.919,8,US,False,49.7,2025-04-01 08:00:00+00:00,LOSS,-10.0,False
SOLUSDT,SHORT,2025-04-02 01:00:00+00:00,126.24,130.46,121.176,113.158,8,LATE,False,46.8,2025-04-02 15:00:00+00:00,LOSS,-10.0,False
SOLUSDT,SHORT,2025-04-06 11:00:00+00:00,119.16,121.13,116.796,113.053,10,EUROPE,False,46.2,2025-04-06 17:00:00+00:00,WIN,21.5,True
SOLUSDT,LONG,2025-04-21 15:00:00+00:00,139.71,133.88,146.706,157.783,9,US,True,52.6,2025-04-21 17:00:00+00:00,LOSS,-10.0,False
SOLUSDT,LONG,2025-04-24 16:00:00+00:00,149.37,145.0,154.614,162.917,9,US,True,53.9,2025-04-28 01:00:00+00:00,LOSS,1.0,True
SOLUSDT,LONG,2025-04-29 10:00:00+00:00,149.09,145.55,153.338,160.064,9,EUROPE,True,54.8,2025-04-29 23:00:00+00:00,LOSS,-10.0,False
SOLUSDT,SHORT,2025-05-05 21:00:00+00:00,145.61,147.74,143.054,139.007,8,US,False,49.8,2025-05-05 22:00:00+00:00,LOSS,-10.0,False
SOLUSDT,SHORT,2025-06-03 16:00:00+00:00,162.21,163.9451,160.1278,156.831,8,US,True,63.6,2025-06-03 20:00:00+00:00,WIN,21.5,True
SOLUSDT,SHORT,2025-06-21 11:00:00+00:00,142.21,143.4914,140.6724,138.2378,8,EUROPE,False,51.4,2025-06-21 18:00:00+00:00,WIN,21.5,True
SOLUSDT,LONG,2025-07-12 11:00:00+00:00,162.99,157.77,169.254,179.172,9,EUROPE,False,50.0,2025-07-12 15:00:00+00:00,LOSS,-10.0,False
SOLUSDT,SHORT,2025-08-03 10:00:00+00:00,161.17,162.9,159.094,155.807,9,EUROPE,True,48.4,2025-08-03 11:00:00+00:00,LOSS,-10.0,False
SOLUSDT,SHORT,2025-08-03 12:00:00+00:00,161.45,163.0023,159.5872,156.6377,8,EUROPE,False,49.9,2025-08-03 23:00:00+00:00,LOSS,-10.0,False
SOLUSDT,LONG,2025-08-12 08:00:00+00:00,175.9,173.44,178.852,183.526,8,ASIA,True,41.6,2025-08-12 16:00:00+00:00,WIN,21.5,True
SOLUSDT,LONG,2025-08-31 16:00:00+00:00,204.57,198.49,211.866,223.418,9,US,True,53.4,2025-09-01 00:00:00+00:00,LOSS,-10.0,False
SOLUSDT,SHORT,2025-09-24 19:00:00+00:00,213.94,216.3704,211.0235,206.4057,8,US,False,49.8,2025-09-25 03:00:00+00:00,WIN,21.5,True
SOLUSDT,SHORT,2025-09-28 06:00:00+00:00,201.32,204.94,196.976,190.098,8,ASIA,False,46.0,2025-09-28 17:00:00+00:00,LOSS,-10.0,False
SOLUSDT,LONG,2025-10-26 09:00:00+00:00,194.31,191.94,197.154,201.657,9,ASIA,True,56.8,2025-10-26 22:00:00+00:00,WIN,21.5,True
SOLUSDT,SHORT,2025-11-15 04:00:00+00:00,142.54,145.1579,139.3986,134.4247,8,ASIA,False,49.3,2025-11-16 17:00:00+00:00,WIN,21.5,True
SOLUSDT,LONG,2025-11-27 14:00:00+00:00,141.26,139.9383,142.846,145.3572,9,EUROPE,True,49.0,2025-11-28 01:00:00+00:00,LOSS,1.0,True
SOLUSDT,SHORT,2025-12-08 01:00:00+00:00,131.61,139.35,122.322,107.616,8,LATE,False,45.3,2025-12-08 10:00:00+00:00,LOSS,-10.0,False
SOLUSDT,LONG,2025-12-09 16:00:00+00:00,138.44,131.61,146.636,159.613,9,US,True,68.7,2025-12-11 02:00:00+00:00,LOSS,-10.0,False
SOLUSDT,SHORT,2025-12-13 10:00:00+00:00,133.59,134.6748,132.2883,130.2273,9,EUROPE,True,48.5,2025-12-14 11:00:00+00:00,WIN,21.5,True
SOLUSDT,SHORT,2025-12-21 12:00:00+00:00,125.51,126.63,124.166,122.038,8,EUROPE,False,47.7,2025-12-22 00:00:00+00:00,LOSS,1.0,True
SOLUSDT,SHORT,2025-12-24 21:00:00+00:00,122.68,123.6503,121.5156,119.672,8,US,False,49.5,2025-12-25 15:00:00+00:00,LOSS,1.0,True
SOLUSDT,LONG,2026-01-03 13:00:00+00:00,130.9,129.64,132.412,134.806,8,EUROPE,False,52.9,2026-01-04 00:00:00+00:00,WIN,21.5,True
SOLUSDT,LONG,2026-01-14 13:00:00+00:00,144.59,143.2538,146.1935,148.7323,8,EUROPE,False,53.5,2026-01-15 03:00:00+00:00,LOSS,1.0,True
SOLUSDT,LONG,2026-01-15 14:00:00+00:00,145.2,140.79,150.492,158.871,9,EUROPE,True,50.7,2026-01-15 19:00:00+00:00,LOSS,-10.0,False
SOLUSDT,LONG,2026-01-17 12:00:00+00:00,144.0,143.2135,144.9438,146.4382,8,EUROPE,False,51.0,2026-01-18 00:00:00+00:00,LOSS,-10.0,False
SOLUSDT,SHORT,2026-01-23 06:00:00+00:00,128.68,129.76,127.384,125.332,8,ASIA,False,48.7,2026-01-23 14:00:00+00:00,WIN,21.5,True
SOLUSDT,SHORT,2026-01-24 05:00:00+00:00,127.86,129.56,125.82,122.59,8,ASIA,False,50.0,2026-01-25 16:00:00+00:00,WIN,21.5,True
SOLUSDT,SHORT,2026-02-10 06:00:00+00:00,85.93,88.32,83.062,78.521,10,ASIA,False,46.8,2026-02-11 17:00:00+00:00,WIN,21.5,True
SOLUSDT,LONG,2026-02-22 05:00:00+00:00,85.16,83.41,87.26,90.585,9,ASIA,False,49.5,2026-02-22 14:00:00+00:00,LOSS,-10.0,False
SOLUSDT,LONG,2026-03-02 15:00:00+00:00,85.66,82.38,89.596,95.828,9,US,True,59.8,2026-03-07 19:00:00+00:00,LOSS,1.0,True
SOLUSDT,LONG,2026-03-12 16:00:00+00:00,86.58,84.89,88.608,91.819,9,US,True,52.8,2026-03-13 13:00:00+00:00,WIN,21.5,True
SOLUSDT,SHORT,2026-03-30 10:00:00+00:00,84.15,85.0,83.13,81.515,8,EUROPE,True,62.9,2026-03-30 13:00:00+00:00,LOSS,-10.0,False
SOLUSDT,SHORT,2026-04-04 04:00:00+00:00,80.17,80.74,79.486,78.403,9,ASIA,False,52.7,2026-04-04 15:00:00+00:00,LOSS,-10.0,False
